Workbook

Sheet Capa
I10: ESTADO DE RORAIMA
C11: PREFEITURA MUNICIPAL DE RORAINÓPOLIS
C13: SECRETARIA MUNICIPAL DE EDUCAÇÃO
C15: ESCOLA MUNICIPAL DE ENSINO FUNDAMENTAL PROFESSOR HILDEMAR PEREIRA DE FIGUEREDO
C18: Diário de Classe
C23: Ensino Fundamental - (Anos Iniciais)
C28: Curso/Modalidade: REGULAR
D30: Ano: | F30: 2° | L30: Turma: | N30: D
D32: Turno: | F32: Vespertino | L32: Ano Letivo: | O32: 2026
C35: Professor(a): | G35: ITAMAR VIEIRA NUNES
C38: Componente Curricular: | J38: Educaçao Física
C42: Horário
E43: Aula | H43: Segunda | J43: Terça | L43: Quarta | N43: Quinta | P43: Sexta

Sheet Secret. Escolar
A1: ="Relação Nominal dos Alunos: "&Capa!O32&" " -> Relação Nominal dos Alunos: 2026
A2: ="Ano: "&Capa!F30&" Turma: "&Capa!N30&"" -> Ano: 2° Turma: D
A3: ="Turno: "&Capa!F32&" Professor(a): "&Capa!G35&"" -> Turno: Vespertino Professor(a): ITAMAR VIEIRA NUNES
C4: 1º Bimestre | F4: 2º Bimestre | H4: 3º Bimestre | J4: 4º Bimestre
A5: Nº | B5: NOME DO ALUNO (A) | C5: Movimentações | D5: Total de Falats | E5: Observações | F5: Total de Falats | G5: Observações | H5: Total de Falats | I5: Observações | J5: Total de Falats | K5: Observações
A6: 1 | B6: Adriana Sofia Gonzalez Torres
A7: 2 | B7: Alyson Lucas de Sousa Alencar
A8: 3 | B8: Ana Clara Silva Zanolim
A9: 4 | B9: Antônio Alves Pereira de Souza
A10: 5 | B10: Cecília Resende dos Santos
A11: 6 | B11: Emanuelly Vale da Silva
A12: 7 | B12: Glloria Vitorya Moreira do Vale
A13: 8 | B13: Izabelly Vitória Pereira Muniz
A14: 9 | B14: Kaleu Carneiro Mesquita Tavares
A15: 10 | B15: Lelimar Sofia Reyes Febres
A16: 11 | B16: Luiz Gustavo Rodrigues Carneiro
A17: 12 | B17: Luiz Otávio Santos de Sousa
... A24: 19 | B24: Wuilmer Adrian Ramos Salazar
A25: 20
A26: 21
A27: 22
A28: 23
A29: 24
A30: 25
A31: 26
A32: 27
A33: 28
A34: 29
A35: 30
A36: 31
... A55: 50

Sheet Nome Aluno
A1: ="Ano: "&Capa!F30&" Turma: "&Capa!N30&"" -> Ano: 2° Turma: D | C1: Movimentações
A2: ="Turno: "&Capa!F32&" Ano Letivo: "&Capa!O32 -> Turno: Vespertino Ano Letivo: 2026
A3: =Capa!C28&"" -> Curso/Modalidade: REGULAR
A4: ="Componente Curricular: "&Capa!J38&"" -> Componente Curricular: Educaçao Física
A5: ="Professor(a): "&Capa!G35 -> Professor(a): ITAMAR VIEIRA NUNES
A6: Nº. | B6: Nome do Aluno (a)
A7: 1 | B7: ='Secret. Escolar'!$B$6 -> Adriana Sofia Gonzalez Torres | C7: ='Secret. Escolar'!$C$6
A8: 2 | B8: ='Secret. Escolar'!$B$7 -> Alyson Lucas de Sousa Alencar | C8: ='Secret. Escolar'!$C$7
A9: 3 | B9: ='Secret. Escolar'!$B$8 -> Ana Clara Silva Zanolim | C9: ='Secret. Escolar'!$C$8
A10: 4 | B10: ='Secret. Escolar'!$B$9 -> Antônio Alves Pereira de Souza | C10: ='Secret. Escolar'!$C$9
A11: 5 | B11: ='Secret. Escolar'!$B$10 -> Cecília Resende dos Santos | C11: ='Secret. Escolar'!$C$10
A12: 6 | B12: ='Secret. Escolar'!$B$11 -> Emanuelly Vale da Silva | C12: ='Secret. Escolar'!$C$11
A13: 7 | B13: ='Secret. Escolar'!$B$12 -> Glloria Vitorya Moreira do Vale | C13: ='Secret. Escolar'!$C$12
A14: 8 | B14: ='Secret. Escolar'!$B$13 -> Izabelly Vitória Pereira Muniz | C14: ='Secret. Escolar'!$C$13
A15: 9 | B15: ='Secret. Escolar'!$B$14 -> Kaleu Carneiro Mesquita Tavares | C15: ='Secret. Escolar'!$C$14
A16: 10 | B16: ='Secret. Escolar'!$B$15 -> Lelimar Sofia Reyes Febres | C16: ='Secret. Escolar'!$C$15
A17: 11 | B17: ='Secret. Escolar'!$B$16 -> Luiz Gustavo Rodrigues Carneiro | C17: ='Secret. Escolar'!$C$16
A18: 12 | B18: ='Secret. Escolar'!$B$17 -> Luiz Otávio Santos de Sousa | C18: ='Secret. Escolar'!$C$17
A19: 13 | B19: ='Secret. Escolar'!$B$18 -> Maria Valentina de Souza | C19: ='Secret. Escolar'!$C$18
A20: 14 | B20: ='Secret. Escolar'!$B$19 -> Maysa Barros Caitano dos Santos | C20: ='Secret. Escolar'!$C$19
A21: 15 | B21: ='Secret. Escolar'!$B$20 -> Melissa Oliveira Magalhães | C21: ='Secret. Escolar'!$C$20
A22: 16 | B22: ='Secret. Escolar'!$B$21 -> Neilson de Oliveira Carneiro | C22: ='Secret. Escolar'!$C$21
A23: 17 | B23: ='Secret. Escolar'!$B$22 -> Sarah Gabrielle Coelho Lopes | C23: ='Secret. Escolar'!$C$22
A24: 18 | B24: ='Secret. Escolar'!$B$23 -> Sophia Pereira de Oliveira | C24: ='Secret. Escolar'!$C$23
A25: 19 | B25: ='Secret. Escolar'!$B$24 -> Wuilmer Adrian Ramos Salazar | C25: ='Secret. Escolar'!$C$24
A26: 20 | B26: ='Secret. Escolar'!$B$25 | C26: ='Secret. Escolar'!$C$25
A27: 21 | B27: ='Secret. Escolar'!$B$26 | C27: ='Secret. Escolar'!$C$26
A28: 22 | B28: ='Secret. Escolar'!$B$27 | C28: ='Secret. Escolar'!$C$27
A29: 23 | B29: ='Secret. Escolar'!$B$28 | C29: ='Secret. Escolar'!$C$28
A30: 24 | B30: ='Secret. Escolar'!$B$29 | C30: ='Secret. Escolar'!$C$29
A31: 25 | B31: ='Secret. Escolar'!$B$30 | C31: ='Secret. Escolar'!$C$30
A32: 26 | B32: ='Secret. Escolar'!$B$31 | C32: ='Secret. Escolar'!$C$31
A33: 27 | B33: ='Secret. Escolar'!$B$32 | C33: ='Secret. Escolar'!$C$32
A34: 28 | B34: ='Secret. Escolar'!$B$33 | C34: ='Secret. Escolar'!$C$33
A35: 29 | B35: ='Secret. Escolar'!$B$34 | C35: ='Secret. Escolar'!$C$34
A36: 30 | B36: ='Secret. Escolar'!$B$35 | C36: ='Secret. Escolar'!$C$35
A37: 31 | B37: ='Secret. Escolar'!$B$36 | C37: ='Secret. Escolar'!$C$36
A38: 32 | B38: ='Secret. Escolar'!$B$37 | C38: ='Secret. Escolar'!$C$37
A39: 33 | B39: ='Secret. Escolar'!$B$38 | C39: ='Secret. Escolar'!$C$38
A40: 34 | B40: ='Secret. Escolar'!$B$39 | C40: ='Secret. Escolar'!$C$39
A41: 35 | B41: ='Secret. Escolar'!$B$40 | C41: ='Secret. Escolar'!$C$40
A42: 36 | B42: ='Secret. Escolar'!$B$41 | C42: ='Secret. Escolar'!$C$41
A43: 37 | B43: ='Secret. Escolar'!$B$42 | C43: ='Secret. Escolar'!$C$42
A44: 38 | B44: ='Secret. Escolar'!$B$43 | C44: ='Secret. Escolar'!$C$43
A45: 39 | B45: ='Secret. Escolar'!$B$44 | C45: ='Secret. Escolar'!$C$44
A46: 40 | B46: ='Secret. Escolar'!$B$45 | C46: ='Secret. Escolar'!$C$45
A47: 41 | B47: ='Secret. Escolar'!$B$46 | C47: ='Secret. Escolar'!$C$46
A48: 42 | B48: ='Secret. Escolar'!$B$47 | C48: ='Secret. Escolar'!$C$47
A49: 43 | B49: ='Secret. Escolar'!$B$48 | C49: ='Secret. Escolar'!$C$48
A50: 44 | B50: ='Secret. Escolar'!$B$49 | C50: ='Secret. Escolar'!$C$49
A51: 45 | B51: ='Secret. Escolar'!$B$50 | C51: ='Secret. Escolar'!$C$50
A52: 46 | B52: ='Secret. Escolar'!$B$51 | C52: ='Secret. Escolar'!$C$51
A53: 47 | B53: ='Secret. Escolar'!$B$52 | C53: ='Secret. Escolar'!$C$52
A54: 48 | B54: ='Secret. Escolar'!$B$53 | C54: ='Secret. Escolar'!$C$53
A55: 49 | B55: ='Secret. Escolar'!$B$54 | C55: ='Secret. Escolar'!$C$54
A56: 50 | B56: ='Secret. Escolar'!$B$55 | C56: ='Secret. Escolar'!$C$55

Sheet Frequência 1º Bim
A1: ="Componente Curricular: "&Capa!J38&"" -> Componente Curricular: Educaçao Física | D1: ="Ano: "&Capa!F30&" Turma: "&Capa!N30&" Turno: "&Capa!F32&" Ano Letivo: "&Capa!O32&" 1º Bimestre"&" Professor(a): "&Capa!G35 -> Ano: 2° Turma: D Turno: Vespertino Ano Letivo: 2026 1º Bimestre Professor(a): ITAMAR VIEIRA NUNES
A3: Nº ALUNO | B3: ="Aulas Dadas: "&COUNTA(E5:AH5) -> Aulas Dadas: 20 | C3: Movimentções | D3: Registro de Frequência
D4: AULAS DADAS | E4: 1 | F4: 2 | G4: 3 | H4: 4 | I4: 5 | J4: 6 | K4: 7 | L4: 8 | M4: 9 | N4: 10 | O4: 11 | P4: 12 | Q4: 13 | R4: 14 | S4: 15 | T4: 16 | U4: 17 | V4: 18 | W4: 19 | X4: 20 | Y4: 21 | Z4: 22 | AA4: 23 | AB4: 24 | AC4: 25 | AD4: 26 | AE4: 27 | AF4: 28 | AG4: 29 | AH4: 30 | AI4: Total de falta
B5: Nome dos alunos | E5: 46077 | F5: 46079 | G5: 46084 | H5: 46086 | I5: 46091 | J5: 46093 | K5: 46098 | L5: 46100 | M5: 46105 | N5: 46107 | O5: 46112 | P5: 46114 | Q5: 46119 | R5: 46121 | S5: 46126 | T5: 46128 | U5: 46133 | V5: 46135 | W5: 46140 | X5: 46142
A6: 1 | B6: ='Secret. Escolar'!$B$6 -> Adriana Sofia Gonzalez Torres | C6: ='Secret. Escolar'!$C$6 | D6: 1 | E6: . | F6: . | G6: . | H6: . | I6: . | J6: . | K6: . | L6: . | M6: . | N6: . | O6: . | P6: . | Q6: . | R6: . | S6: . | T6: . | U6: . | V6: . | W6: . | X6: . | AI6: =COUNTIF(E6:AH6,"f") -> 0
A7: 2 | B7: ='Secret. Escolar'!$B$7 -> Alyson Lucas de Sousa Alencar | C7: ='Secret. Escolar'!$C$7 | D7: 2 | E7: . | F7: . | G7: . | H7: . | I7: . | J7: . | K7: . | L7: . | M7: . | N7: . | O7: . | P7: . | Q7: . | R7: . | S7: . | T7: . | U7: . | V7: . | W7: . | X7: . | AI7: =COUNTIF(E7:AH7,"f") -> 0
A8: 3 | B8: ='Secret. Escolar'!$B$8 -> Ana Clara Silva Zanolim | C8: ='Secret. Escolar'!$C$8 | D8: 3 | E8: . | F8: . | G8: . | H8: . | I8: . | J8: . | K8: . | L8: . | M8: . | N8: . | O8: . | P8: . | Q8: . | R8: . | S8: . | T8: . | U8: . | V8: . | W8: . | X8: . | AI8: =COUNTIF(E8:AH8,"f") -> 0
A9: 4 | B9: ='Secret. Escolar'!$B$9 -> Antônio Alves Pereira de Souza | C9: ='Secret. Escolar'!$C$9 | D9: 4 | E9: . | F9: . | G9: . | H9: . | I9: . | J9: . | K9: . | L9: . | M9: . | N9: . | O9: . | P9: . | Q9: . | R9: . | S9: . | T9: . | U9: . | V9: . | W9: . | X9: f | AI9: =COUNTIF(E9:AH9,"f") -> 1
A10: 5 | B10: ='Secret. Escolar'!$B$10 -> Cecília Resende dos Santos | C10: ='Secret. Escolar'!$C$10 | D10: 5 | E10: . | F10: . | G10: . | H10: . | I10: . | J10: . | K10: . | L10: . | M10: . | N10: . | O10: . | P10: . | Q10: . | R10: . | S10: . | T10: . | U10: . | V10: . | W10: . | X10: . | AI10: =COUNTIF(E10:AH10,"f") -> 0
A11: 6 | B11: ='Secret. Escolar'!$B$11 -> Emanuelly Vale da Silva | C11: ='Secret. Escolar'!$C$11 | D11: 6 | E11: . | F11: . | G11: . | H11: . | I11: . | J11: . | K11: . | L11: . | M11: . | N11: . | O11: . | P11: . | Q11: . | R11: . | S11: . | T11: . | U11: . | V11: . | W11: . | X11: . | AI11: =COUNTIF(E11:AH11,"f") -> 0
A12: 7 | B12: ='Secret. Escolar'!$B$12 -> Glloria Vitorya Moreira do Vale | C12: ='Secret. Escolar'!$C$12 | D12: 7 | E12: . | F12: . | G12: . | H12: . | I12: . | J12: . | K12: . | L12: . | M12: . | N12: . | O12: . | P12: . | Q12: . | R12: . | S12: . | T12: . | U12: . | V12: . | W12: . | X12: . | AI12: =COUNTIF(E12:AH12,"f") -> 0
A13: 8 | B13: ='Secret. Escolar'!$B$13 -> Izabelly Vitória Pereira Muniz | C13: ='Secret. Escolar'!$C$13 | D13: 8 | E13: . | F13: . | G13: . | H13: . | I13: . | J13: . | K13: . | L13: . | M13: . | N13: . | O13: . | P13: . | Q13: . | R13: . | S13: . | T13: . | U13: . | V13: . | W13: . | X13: f | AI13: =COUNTIF(E13:AH13,"f") -> 1
A14: 9 | B14: ='Secret. Escolar'!$B$14 -> Kaleu Carneiro Mesquita Tavares | C14: ='Secret. Escolar'!$C$14 | D14: 9 | E14: . | F14: . | G14: . | H14: . | I14: . | J14: . | K14: . | L14: . | M14: . | N14: . | O14: . | P14: . | Q14: . | R14: . | S14: . | T14: . | U14: . | V14: . | W14: . | X14: . | AI14: =COUNTIF(E14:AH14,"f") -> 0
A15: 10 | B15: ='Secret. Escolar'!$B$15 -> Lelimar Sofia Reyes Febres | C15: ='Secret. Escolar'!$C$15 | D15: 10 | E15: . | F15: . | G15: . | H15: . | I15: . | J15: . | K15: . | L15: . | M15: . | N15: . | O15: . | P15: . | Q15: . | R15: . | S15: . | T15: . | U15: . | V15: . | W15: . | X15: . | AI15: =COUNTIF(E15:AH15,"f") -> 0
A16: 11 | B16: ='Secret. Escolar'!$B$16 -> Luiz Gustavo Rodrigues Carneiro | C16: ='Secret. Escolar'!$C$16 | D16: 11 | E16: . | F16: . | G16: . | H16: . | I16: . | J16: . | K16: . | L16: . | M16: . | N16: . | O16: . | P16: . | Q16: . | R16: . | S16: . | T16: . | U16: . | V16: . | W16: . | X16: . | AI16: =COUNTIF(E16:AH16,"f") -> 0
A17: 12 | B17: ='Secret. Escolar'!$B$17 -> Luiz Otávio Santos de Sousa | C17: ='Secret. Escolar'!$C$17 | D17: 12 | E17: . | F17: . | G17: . | H17: . | I17: . | J17: . | K17: . | L17: . | M17: . | N17: . | O17: . | P17: . | Q17: . | R17: . | S17: . | T17: . | U17: . | V17: . | W17: . | X17: . | AI17: =COUNTIF(E17:AH17,"f") -> 0
A18: 13 | B18: ='Secret. Escolar'!$B$18 -> Maria Valentina de Souza | C18: ='Secret. Escolar'!$C$18 | D18: 13 | E18: . | F18: . | G18: . | H18: . | I18: . | J18: . | K18: . | L18: . | M18: . | N18: . | O18: . | P18: . | Q18: . | R18: . | S18: . | T18: . | U18: . | V18: . | W18: . | X18: . | AI18: =COUNTIF(E18:AH18,"f") -> 0
A19: 14 | B19: ='Secret. Escolar'!$B$19 -> Maysa Barros Caitano dos Santos | C19: ='Secret. Escolar'!$C$19 | D19: 14 | E19: . | F19: . | G19: . | H19: . | I19: . | J19: . | K19: . | L19: . | M19: . | N19: . | O19: . | P19: . | Q19: . | R19: . | S19: . | T19: . | U19: . | V19: . | W19: . | X19: . | AI19: =COUNTIF(E19:AH19,"f") -> 0
A20: 15 | B20: ='Secret. Escolar'!$B$20 -> Melissa Oliveira Magalhães | C20: ='Secret. Escolar'!$C$20 | D20: 15 | E20: . | F20: . | G20: . | H20: . | I20: . | J20: . | K20: . | L20: . | M20: . | N20: . | O20: . | P20: . | Q20: . | R20: . | S20: . | T20: . | U20: . | V20: . | W20: . | X20: . | AI20: =COUNTIF(E20:AH20,"f") -> 0
A21: 16 | B21: ='Secret. Escolar'!$B$21 -> Neilson de Oliveira Carneiro | C21: ='Secret. Escolar'!$C$21 | D21: 16 | E21: . | F21: . | G21: . | H21: . | I21: . | J21: . | K21: . | L21: . | M21: . | N21: . | O21: . | P21: . | Q21: . | R21: . | S21: . | T21: . | U21: . | V21: . | W21: . | X21: . | AI21: =COUNTIF(E21:AH21,"f") -> 0
A22: 17 | B22: ='Secret. Escolar'!$B$22 -> Sarah Gabrielle Coelho Lopes | C22: ='Secret. Escolar'!$C$22 | D22: 17 | E22: . | F22: . | G22: . | H22: . | I22: . | J22: . | K22: . | L22: . | M22: . | N22: . | O22: . | P22: . | Q22: . | R22: . | S22: . | T22: . | U22: . | V22: . | W22: . | X22: . | AI22: =COUNTIF(E22:AH22,"f") -> 0
A23: 18 | B23: ='Secret. Escolar'!$B$23 -> Sophia Pereira de Oliveira | C23: ='Secret. Escolar'!$C$23 | D23: 18 | E23: . | F23: . | G23: . | H23: . | I23: . | J23: . | K23: . | L23: . | M23: . | N23: . | O23: . | P23: . | Q23: . | R23: . | S23: . | T23: . | U23: . | V23: . | W23: . | X23: . | AI23: =COUNTIF(E23:AH23,"f") -> 0
A24: 19 | B24: ='Secret. Escolar'!$B$24 -> Wuilmer Adrian Ramos Salazar | C24: ='Secret. Escolar'!$C$24 | D24: 19 | E24: . | F24: . | G24: . | H24: . | I24: . | J24: . | K24: . | L24: . | M24: . | N24: . | O24: . | P24: . | Q24: . | R24: . | S24: . | T24: . | U24: . | V24: . | W24: . | X24: . | AI24: =COUNTIF(E24:AH24,"f") -> 0
A25: 20 | B25: ='Secret. Escolar'!$B$25 | C25: ='Secret. Escolar'!$C$25 | D25: 20 | AI25: =COUNTIF(E25:AH25,"f") -> 0
A26: 21 | B26: ='Secret. Escolar'!$B$26 | C26: ='Secret. Escolar'!$C$26 | D26: 21 | AI26: =COUNTIF(E26:AH26,"f") -> 0
A27: 22 | B27: ='Secret. Escolar'!$B$27 | C27: ='Secret. Escolar'!$C$27 | D27: 22 | AI27: =COUNTIF(E27:AH27,"f") -> 0
A28: 23 | B28: ='Secret. Escolar'!$B$28 | C28: ='Secret. Escolar'!$C$28 | D28: 23 | AI28: =COUNTIF(E28:AH28,"f") -> 0
A29: 24 | B29: ='Secret. Escolar'!$B$29 | C29: ='Secret. Escolar'!$C$29 | D29: 24 | AI29: =COUNTIF(E29:AH29,"f") -> 0
A30: 25 | B30: ='Secret. Escolar'!$B$30 | C30: ='Secret. Escolar'!$C$30 | D30: 25 | AI30: =COUNTIF(E30:AH30,"f") -> 0
A31: 26 | B31: ='Secret. Escolar'!$B$31 | C31: ='Secret. Escolar'!$C$31 | D31: 26 | AI31: =COUNTIF(E31:AH31,"f") -> 0
A32: 27 | B32: ='Secret. Escolar'!$B$32 | C32: ='Secret. Escolar'!$C$32 | D32: 27 | AI32: =COUNTIF(E32:AH32,"f") -> 0
A33: 28 | B33: ='Secret. Escolar'!$B$33 | C33: ='Secret. Escolar'!$C$33 | D33: 28 | AI33: =COUNTIF(E33:AH33,"f") -> 0
A34: 29 | B34: ='Secret. Escolar'!$B$34 | C34: ='Secret. Escolar'!$C$34 | D34: 29 | AI34: =COUNTIF(E34:AH34,"f") -> 0
A35: 30 | B35: ='Secret. Escolar'!$B$35 | C35: ='Secret. Escolar'!$C$35 | D35: 30 | AI35: =COUNTIF(E35:AH35,"f") -> 0
A36: 31 | B36: ='Secret. Escolar'!$B$36 | C36: ='Secret. Escolar'!$C$36 | D36: 31 | AI36: =COUNTIF(E36:AH36,"f") -> 0
A37: 32 | B37: ='Secret. Escolar'!$B$37 | C37: ='Secret. Escolar'!$C$37 | D37: 32 | AI37: =COUNTIF(E37:AH37,"f") -> 0
A38: 33 | B38: ='Secret. Escolar'!$B$38 | C38: ='Secret. Escolar'!$C$38 | D38: 33 | AI38: =COUNTIF(E38:AH38,"f") -> 0
A39: 34 | B39: ='Secret. Escolar'!$B$39 | C39: ='Secret. Escolar'!$C$39 | D39: 34 | AI39: =COUNTIF(E39:AH39,"f") -> 0
A40: 35 | B40: ='Secret. Escolar'!$B$40 | C40: ='Secret. Escolar'!$C$40 | D40: 35 | AI40: =COUNTIF(E40:AH40,"f") -> 0
A41: 36 | B41: ='Secret. Escolar'!$B$41 | C41: ='Secret. Escolar'!$C$41 | D41: 36 | AI41: =COUNTIF(E41:AH41,"f") -> 0
A42: 37 | B42: ='Secret. Escolar'!$B$42 | C42: ='Secret. Escolar'!$C$42 | D42: 37 | AI42: =COUNTIF(E42:AH42,"f") -> 0
A43: 38 | B43: ='Secret. Escolar'!$B$43 | C43: ='Secret. Escolar'!$C$43 | D43: 38 | AI43: =COUNTIF(E43:AH43,"f") -> 0
A44: 39 | B44: ='Secret. Escolar'!$B$44 | C44: ='Secret. Escolar'!$C$44 | D44: 39 | AI44: =COUNTIF(E44:AH44,"f") -> 0
A45: 40 | B45: ='Secret. Escolar'!$B$45 | C45: ='Secret. Escolar'!$C$45 | D45: 40 | AI45: =COUNTIF(E45:AH45,"f") -> 0
A46: 41 | B46: ='Secret. Escolar'!$B$46 | C46: ='Secret. Escolar'!$C$46 | D46: 41 | AI46: =COUNTIF(E46:AH46,"f") -> 0
A47: 42 | B47: ='Secret. Escolar'!$B$47 | C47: ='Secret. Escolar'!$C$47 | D47: 42 | AI47: =COUNTIF(E47:AH47,"f") -> 0
A48: 43 | B48: ='Secret. Escolar'!$B$48 | C48: ='Secret. Escolar'!$C$48 | D48: 43 | AI48: =COUNTIF(E48:AH48,"f") -> 0
A49: 44 | B49: ='Secret. Escolar'!$B$49 | C49: ='Secret. Escolar'!$C$49 | D49: 44 | AI49: =COUNTIF(E49:AH49,"f") -> 0
A50: 45 | B50: ='Secret. Escolar'!$B$50 | C50: ='Secret. Escolar'!$C$50 | D50: 45 | AI50: =COUNTIF(E50:AH50,"f") -> 0
A51: 46 | B51: ='Secret. Escolar'!$B$51 | C51: ='Secret. Escolar'!$C$51 | D51: 46 | AI51: =COUNTIF(E51:AH51,"f") -> 0
A52: 47 | B52: ='Secret. Escolar'!$B$52 | C52: ='Secret. Escolar'!$C$52 | D52: 47 | AI52: =COUNTIF(E52:AH52,"f") -> 0
A53: 48 | B53: ='Secret. Escolar'!$B$53 | C53: ='Secret. Escolar'!$C$53 | D53: 48 | AI53: =COUNTIF(E53:AH53,"f") -> 0
A54: 49 | B54: ='Secret. Escolar'!$B$54 | C54: ='Secret. Escolar'!$C$54 | D54: 49 | AI54: =COUNTIF(E54:AH54,"f") -> 0
A55: 50 | B55: ='Secret. Escolar'!$B$55 | C55: ='Secret. Escolar'!$C$55 | D55: 50 | AI55: =COUNTIF(E55:AH55,"f") -> 0

Sheet Reg. Aulas 1º Bim
B1: DATA | C1: UNIDADE TEMÁTICA | D1: Resumo dos objetos de conhecimentos e metodologias trabalhados
A2: 1 | B2: ='Frequência 1º Bim'!E5 -> 46077
A3: 2 | B3: ='Frequência 1º Bim'!F5 -> 46079
A4: 3 | B4: ='Frequência 1º Bim'!G5 -> 46084
A5: 4 | B5: ='Frequência 1º Bim'!H5 -> 46086
A6: 5 | B6: ='Frequência 1º Bim'!I5 -> 46091
A7: 6 | B7: ='Frequência 1º Bim'!J5 -> 46093
A8: 7 | B8: ='Frequência 1º Bim'!K5 -> 46098
A9: 8 | B9: ='Frequência 1º Bim'!L5 -> 46100
A10: 9 | B10: ='Frequência 1º Bim'!M5 -> 46105
A11: 10 | B11: ='Frequência 1º Bim'!N5 -> 46107
A12: 11 | B12: ='Frequência 1º Bim'!O5 -> 46112
A13: 12 | B13: ='Frequência 1º Bim'!P5 -> 46114
A14: 13 | B14: ='Frequência 1º Bim'!Q5 -> 46119
A15: 14 | B15: ='Frequência 1º Bim'!R5 -> 46121
A16: 15 | B16: ='Frequência 1º Bim'!S5 -> 46126
A17: 16 | B17: ='Frequência 1º Bim'!T5 -> 46128
A18: 17 | B18: ='Frequência 1º Bim'!U5 -> 46133
A19: 18 | B19: ='Frequência 1º Bim'!V5 -> 46135
A20: 19 | B20: ='Frequência 1º Bim'!W5 -> 46140
A21: 20 | B21: ='Frequência 1º Bim'!X5 -> 46142
A22: 21 | B22: ='Frequência 1º Bim'!Y5
A23: 22 | B23: ='Frequência 1º Bim'!Z5
A24: 23 | B24: ='Frequência 1º Bim'!AA5
A25: 24 | B25: ='Frequência 1º Bim'!AB5
A26: 25 | B26: ='Frequência 1º Bim'!AC5
A27: 26 | B27: ='Frequência 1º Bim'!AD5
A28: 27 | B28: ='Frequência 1º Bim'!AE5
A29: 28 | B29: ='Frequência 1º Bim'!AF5
A30: 29 | B30: ='Frequência 1º Bim'!AG5
A31: 30 | B31: ='Frequência 1º Bim'!AH5
A32: Quadro de encerramento do Bimestre
A33: Aulas Previstas | C33: 20
D34: Assinatura do Professor (a)
D35: ="Professor(a): "&Capa!G35 -> Professor(a): ITAMAR VIEIRA NUNES
D36: Data ___/_____/_____
A37: Aulas Dadas | C37: =COUNTA('Frequência 1º Bim'!E5:AH5) -> 20
D38: Carimbo e visto da Autoridade Escolar Encerrado em _______________________

Sheet OBS 1º Bim.
A1: ="Componente Curricular: "&Capa!J38&"" -> Componente Curricular: Educaçao Física | D1: ="Ano: "&Capa!F30&" Turma: "&Capa!N30&" Turno: "&Capa!F32&" Ano Letivo: "&Capa!O32&" 1º Bimestre"&" Professor(a): "&Capa!G35 -> Ano: 2° Turma: D Turno: Vespertino Ano Letivo: 2026 1º Bimestre Professor(a): ITAMAR VIEIRA NUNES
A3: Nº ALUNO | B3: ="Aulas Dadas: "&COUNTA('Frequência 1º Bim'!$E$5:$AH$5) -> Aulas Dadas: 20 | C3: Movimentções | D3: OBSERVAÇÕES DAS FREQUÊNCIAS | E3: OBSERVAÇÕES DOS REGISTROS
B5: Nome dos alunos
A6: 1 | B6: ='Secret. Escolar'!$B$6 -> Adriana Sofia Gonzalez Torres | C6: ='Secret. Escolar'!$C$6
A7: 2 | B7: ='Secret. Escolar'!$B$7 -> Alyson Lucas de Sousa Alencar | C7: ='Secret. Escolar'!$C$7
A8: 3 | B8: ='Secret. Escolar'!$B$8 -> Ana Clara Silva Zanolim | C8: ='Secret. Escolar'!$C$8
A9: 4 | B9: ='Secret. Escolar'!$B$9 -> Antônio Alves Pereira de Souza | C9: ='Secret. Escolar'!$C$9
A10: 5 | B10: ='Secret. Escolar'!$B$10 -> Cecília Resende dos Santos | C10: ='Secret. Escolar'!$C$10
A11: 6 | B11: ='Secret. Escolar'!$B$11 -> Emanuelly Vale da Silva | C11: ='Secret. Escolar'!$C$11
A12: 7 | B12: ='Secret. Escolar'!$B$12 -> Glloria Vitorya Moreira do Vale | C12: ='Secret. Escolar'!$C$12
A13: 8 | B13: ='Secret. Escolar'!$B$13 -> Izabelly Vitória Pereira Muniz | C13: ='Secret. Escolar'!$C$13
A14: 9 | B14: ='Secret. Escolar'!$B$14 -> Kaleu Carneiro Mesquita Tavares | C14: ='Secret. Escolar'!$C$14
A15: 10 | B15: ='Secret. Escolar'!$B$15 -> Lelimar Sofia Reyes Febres | C15: ='Secret. Escolar'!$C$15
A16: 11 | B16: ='Secret. Escolar'!$B$16 -> Luiz Gustavo Rodrigues Carneiro | C16: ='Secret. Escolar'!$C$16
A17: 12 | B17: ='Secret. Escolar'!$B$17 -> Luiz Otávio Santos de Sousa | C17: ='Secret. Escolar'!$C$17
A18: 13 | B18: ='Secret. Escolar'!$B$18 -> Maria Valentina de Souza | C18: ='Secret. Escolar'!$C$18
A19: 14 | B19: ='Secret. Escolar'!$B$19 -> Maysa Barros Caitano dos Santos | C19: ='Secret. Escolar'!$C$19
A20: 15 | B20: ='Secret. Escolar'!$B$20 -> Melissa Oliveira Magalhães | C20: ='Secret. Escolar'!$C$20
A21: 16 | B21: ='Secret. Escolar'!$B$21 -> Neilson de Oliveira Carneiro | C21: ='Secret. Escolar'!$C$21
A22: 17 | B22: ='Secret. Escolar'!$B$22 -> Sarah Gabrielle Coelho Lopes | C22: ='Secret. Escolar'!$C$22
A23: 18 | B23: ='Secret. Escolar'!$B$23 -> Sophia Pereira de Oliveira | C23: ='Secret. Escolar'!$C$23
A24: 19 | B24: ='Secret. Escolar'!$B$24 -> Wuilmer Adrian Ramos Salazar | C24: ='Secret. Escolar'!$C$24
A25: 20 | B25: ='Secret. Escolar'!$B$25 | C25: ='Secret. Escolar'!$C$25
A26: 21 | B26: ='Secret. Escolar'!$B$26 | C26: ='Secret. Escolar'!$C$26
A27: 22 | B27: ='Secret. Escolar'!$B$27 | C27: ='Secret. Escolar'!$C$27
A28: 23 | B28: ='Secret. Escolar'!$B$28 | C28: ='Secret. Escolar'!$C$28
A29: 24 | B29: ='Secret. Escolar'!$B$29 | C29: ='Secret. Escolar'!$C$29
A30: 25 | B30: ='Secret. Escolar'!$B$30 | C30: ='Secret. Escolar'!$C$30
A31: 26 | B31: ='Secret. Escolar'!$B$31 | C31: ='Secret. Escolar'!$C$31
A32: 27 | B32: ='Secret. Escolar'!$B$32 | C32: ='Secret. Escolar'!$C$32
A33: 28 | B33: ='Secret. Escolar'!$B$33 | C33: ='Secret. Escolar'!$C$33
A34: 29 | B34: ='Secret. Escolar'!$B$34 | C34: ='Secret. Escolar'!$C$34
A35: 30 | B35: ='Secret. Escolar'!$B$35 | C35: ='Secret. Escolar'!$C$35
A36: 31 | B36: ='Secret. Escolar'!$B$36 | C36: ='Secret. Escolar'!$C$36
A37: 32 | B37: ='Secret. Escolar'!$B$37 | C37: ='Secret. Escolar'!$C$37
A38: 33 | B38: ='Secret. Escolar'!$B$38 | C38: ='Secret. Escolar'!$C$38
A39: 34 | B39: ='Secret. Escolar'!$B$39 | C39: ='Secret. Escolar'!$C$39
A40: 35 | B40: ='Secret. Escolar'!$B$40 | C40: ='Secret. Escolar'!$C$40
A41: 36 | B41: ='Secret. Escolar'!$B$41 | C41: ='Secret. Escolar'!$C$41
A42: 37 | B42: ='Secret. Escolar'!$B$42 | C42: ='Secret. Escolar'!$C$42
A43: 38 | B43: ='Secret. Escolar'!$B$43 | C43: ='Secret. Escolar'!$C$43
A44: 39 | B44: ='Secret. Escolar'!$B$44 | C44: ='Secret. Escolar'!$C$44
A45: 40 | B45: ='Secret. Escolar'!$B$45 | C45: ='Secret. Escolar'!$C$45
A46: 41 | B46: ='Secret. Escolar'!$B$46 | C46: ='Secret. Escolar'!$C$46
A47: 42 | B47: ='Secret. Escolar'!$B$47 | C47: ='Secret. Escolar'!$C$47
A48: 43 | B48: ='Secret. Escolar'!$B$48 | C48: ='Secret. Escolar'!$C$48
A49: 44 | B49: ='Secret. Escolar'!$B$49 | C49: ='Secret. Escolar'!$C$49
A50: 45 | B50: ='Secret. Escolar'!$B$50 | C50: ='Secret. Escolar'!$C$50
A51: 46 | B51: ='Secret. Escolar'!$B$51 | C51: ='Secret. Escolar'!$C$51
A52: 47 | B52: ='Secret. Escolar'!$B$52 | C52: ='Secret. Escolar'!$C$52
A53: 48 | B53: ='Secret. Escolar'!$B$53 | C53: ='Secret. Escolar'!$C$53
A54: 49 | B54: ='Secret. Escolar'!$B$54 | C54: ='Secret. Escolar'!$C$54
A55: 50 | B55: ='Secret. Escolar'!$B$55 | C55: ='Secret. Escolar'!$C$55
B58: ="Professor(a): "&Capa!G35 -> Professor(a): ITAMAR VIEIRA NUNES | D58: Ass. e carimbo da autoridade escolar
D59: Data ____/____/____

Sheet Frequência 2º Bim
A1: ="Componente Curricular: "&Capa!J38&"" -> Componente Curricular: Educaçao Física | D1: ="Ano: "&Capa!F30&" Turma: "&Capa!N30&" Turno: "&Capa!F32&" Ano Letivo: "&Capa!O32&" 2º Bimestre"&" Professor(a): "&Capa!G35 -> Ano: 2° Turma: D Turno: Vespertino Ano Letivo: 2026 2º Bimestre Professor(a): ITAMAR VIEIRA NUNES
A3: Nº ALUNO | B3: ="Aulas Dadas: "&COUNTA(E5:AH5) -> Aulas Dadas: 0 | C3: Movimentções | D3: Registro de Frequência
D4: AULAS DADAS | E4: 1 | F4: 2 | G4: 3 | H4: 4 | I4: 5 | J4: 6 | K4: 7 | L4: 8 | M4: 9 | N4: 10 | O4: 11 | P4: 12 | Q4: 13 | R4: 14 | S4: 15 | T4: 16 | U4: 17 | V4: 18 | W4: 19 | X4: 20 | Y4: 21 | Z4: 22 | AA4: 23 | AB4: 24 | AC4: 25 | AD4: 26 | AE4: 27 | AF4: 28 | AG4: 29 | AH4: 30 | AI4: Total de falta
B5: Nome dos alunos
A6: 1 | B6: ='Secret. Escolar'!$B$6 -> Adriana Sofia Gonzalez Torres | C6: ='Secret. Escolar'!$C$6 | D6: 1 | AI6: =COUNTIF(E6:AH6,"f") -> 0
A7: 2 | B7: ='Secret. Escolar'!$B$7 -> Alyson Lucas de Sousa Alencar | C7: ='Secret. Escolar'!$C$7 | D7: 2 | AI7: =COUNTIF(E7:AH7,"f") -> 0
A8: 3 | B8: ='Secret. Escolar'!$B$8 -> Ana Clara Silva Zanolim | C8: ='Secret. Escolar'!$C$8 | D8: 3 | AI8: =COUNTIF(E8:AH8,"f") -> 0
A9: 4 | B9: ='Secret. Escolar'!$B$9 -> Antônio Alves Pereira de Souza | C9: ='Secret. Escolar'!$C$9 | D9: 4 | AI9: =COUNTIF(E9:AH9,"f") -> 0
A10: 5 | B10: ='Secret. Escolar'!$B$10 -> Cecília Resende dos Santos | C10: ='Secret. Escolar'!$C$10 | D10: 5 | AI10: =COUNTIF(E10:AH10,"f") -> 0
A11: 6 | B11: ='Secret. Escolar'!$B$11 -> Emanuelly Vale da Silva | C11: ='Secret. Escolar'!$C$11 | D11: 6 | AI11: =COUNTIF(E11:AH11,"f") -> 0
A12: 7 | B12: ='Secret. Escolar'!$B$12 -> Glloria Vitorya Moreira do Vale | C12: ='Secret. Escolar'!$C$12 | D12: 7 | AI12: =COUNTIF(E12:AH12,"f") -> 0
A13: 8 | B13: ='Secret. Escolar'!$B$13 -> Izabelly Vitória Pereira Muniz | C13: ='Secret. Escolar'!$C$13 | D13: 8 | AI13: =COUNTIF(E13:AH13,"f") -> 0
A14: 9 | B14: ='Secret. Escolar'!$B$14 -> Kaleu Carneiro Mesquita Tavares | C14: ='Secret. Escolar'!$C$14 | D14: 9 | AI14: =COUNTIF(E14:AH14,"f") -> 0
A15: 10 | B15: ='Secret. Escolar'!$B$15 -> Lelimar Sofia Reyes Febres | C15: ='Secret. Escolar'!$C$15 | D15: 10 | AI15: =COUNTIF(E15:AH15,"f") -> 0
A16: 11 | B16: ='Secret. Escolar'!$B$16 -> Luiz Gustavo Rodrigues Carneiro | C16: ='Secret. Escolar'!$C$16 | D16: 11 | AI16: =COUNTIF(E16:AH16,"f") -> 0
A17: 12 | B17: ='Secret. Escolar'!$B$17 -> Luiz Otávio Santos de Sousa | C17: ='Secret. Escolar'!$C$17 | D17: 12 | AI17: =COUNTIF(E17:AH17,"f") -> 0
A18: 13 | B18: ='Secret. Escolar'!$B$18 -> Maria Valentina de Souza | C18: ='Secret. Escolar'!$C$18 | D18: 13 | AI18: =COUNTIF(E18:AH18,"f") -> 0
A19: 14 | B19: ='Secret. Escolar'!$B$19 -> Maysa Barros Caitano dos Santos | C19: ='Secret. Escolar'!$C$19 | D19: 14 | AI19: =COUNTIF(E19:AH19,"f") -> 0
A20: 15 | B20: ='Secret. Escolar'!$B$20 -> Melissa Oliveira Magalhães | C20: ='Secret. Escolar'!$C$20 | D20: 15 | AI20: =COUNTIF(E20:AH20,"f") -> 0
A21: 16 | B21: ='Secret. Escolar'!$B$21 -> Neilson de Oliveira Carneiro | C21: ='Secret. Escolar'!$C$21 | D21: 16 | AI21: =COUNTIF(E21:AH21,"f") -> 0
A22: 17 | B22: ='Secret. Escolar'!$B$22 -> Sarah Gabrielle Coelho Lopes | C22: ='Secret. Escolar'!$C$22 | D22: 17 | AI22: =COUNTIF(E22:AH22,"f") -> 0
A23: 18 | B23: ='Secret. Escolar'!$B$23 -> Sophia Pereira de Oliveira | C23: ='Secret. Escolar'!$C$23 | D23: 18 | AI23: =COUNTIF(E23:AH23,"f") -> 0
A24: 19 | B24: ='Secret. Escolar'!$B$24 -> Wuilmer Adrian Ramos Salazar | C24: ='Secret. Escolar'!$C$24 | D24: 19 | AI24: =COUNTIF(E24:AH24,"f") -> 0
A25: 20 | B25: ='Secret. Escolar'!$B$25 | C25: ='Secret. Escolar'!$C$25 | D25: 20 | AI25: =COUNTIF(E25:AH25,"f") -> 0
A26: 21 | B26: ='Secret. Escolar'!$B$26 | C26: ='Secret. Escolar'!$C$26 | D26: 21 | AI26: =COUNTIF(E26:AH26,"f") -> 0
A27: 22 | B27: ='Secret. Escolar'!$B$27 | C27: ='Secret. Escolar'!$C$27 | D27: 22 | AI27: =COUNTIF(E27:AH27,"f") -> 0
A28: 23 | B28: ='Secret. Escolar'!$B$28 | C28: ='Secret. Escolar'!$C$28 | D28: 23 | AI28: =COUNTIF(E28:AH28,"f") -> 0
A29: 24 | B29: ='Secret. Escolar'!$B$29 | C29: ='Secret. Escolar'!$C$29 | D29: 24 | AI29: =COUNTIF(E29:AH29,"f") -> 0
A30: 25 | B30: ='Secret. Escolar'!$B$30 | C30: ='Secret. Escolar'!$C$30 | D30: 25 | AI30: =COUNTIF(E30:AH30,"f") -> 0
A31: 26 | B31: ='Secret. Escolar'!$B$31 | C31: ='Secret. Escolar'!$C$31 | D31: 26 | AI31: =COUNTIF(E31:AH31,"f") -> 0
A32: 27 | B32: ='Secret. Escolar'!$B$32 | C32: ='Secret. Escolar'!$C$32 | D32: 27 | AI32: =COUNTIF(E32:AH32,"f") -> 0
A33: 28 | B33: ='Secret. Escolar'!$B$33 | C33: ='Secret. Escolar'!$C$33 | D33: 28 | AI33: =COUNTIF(E33:AH33,"f") -> 0
A34: 29 | B34: ='Secret. Escolar'!$B$34 | C34: ='Secret. Escolar'!$C$34 | D34: 29 | AI34: =COUNTIF(E34:AH34,"f") -> 0
A35: 30 | B35: ='Secret. Escolar'!$B$35 | C35: ='Secret. Escolar'!$C$35 | D35: 30 | AI35: =COUNTIF(E35:AH35,"f") -> 0
A36: 31 | B36: ='Secret. Escolar'!$B$36 | C36: ='Secret. Escolar'!$C$36 | D36: 31 | AI36: =COUNTIF(E36:AH36,"f") -> 0
A37: 32 | B37: ='Secret. Escolar'!$B$37 | C37: ='Secret. Escolar'!$C$37 | D37: 32 | AI37: =COUNTIF(E37:AH37,"f") -> 0
A38: 33 | B38: ='Secret. Escolar'!$B$38 | C38: ='Secret. Escolar'!$C$38 | D38: 33 | AI38: =COUNTIF(E38:AH38,"f") -> 0
A39: 34 | B39: ='Secret. Escolar'!$B$39 | C39: ='Secret. Escolar'!$C$39 | D39: 34 | AI39: =COUNTIF(E39:AH39,"f") -> 0
A40: 35 | B40: ='Secret. Escolar'!$B$40 | C40: ='Secret. Escolar'!$C$40 | D40: 35 | AI40: =COUNTIF(E40:AH40,"f") -> 0
A41: 36 | B41: ='Secret. Escolar'!$B$41 | C41: ='Secret. Escolar'!$C$41 | D41: 36 | AI41: =COUNTIF(E41:AH41,"f") -> 0
A42: 37 | B42: ='Secret. Escolar'!$B$42 | C42: ='Secret. Escolar'!$C$42 | D42: 37 | AI42: =COUNTIF(E42:AH42,"f") -> 0
A43: 38 | B43: ='Secret. Escolar'!$B$43 | C43: ='Secret. Escolar'!$C$43 | D43: 38 | AI43: =COUNTIF(E43:AH43,"f") -> 0
A44: 39 | B44: ='Secret. Escolar'!$B$44 | C44: ='Secret. Escolar'!$C$44 | D44: 39 | AI44: =COUNTIF(E44:AH44,"f") -> 0
A45: 40 | B45: ='Secret. Escolar'!$B$45 | C45: ='Secret. Escolar'!$C$45 | D45: 40 | AI45: =COUNTIF(E45:AH45,"f") -> 0
A46: 41 | B46: ='Secret. Escolar'!$B$46 | C46: ='Secret. Escolar'!$C$46 | D46: 41 | AI46: =COUNTIF(E46:AH46,"f") -> 0
A47: 42 | B47: ='Secret. Escolar'!$B$47 | C47: ='Secret. Escolar'!$C$47 | D47: 42 | AI47: =COUNTIF(E47:AH47,"f") -> 0
A48: 43 | B48: ='Secret. Escolar'!$B$48 | C48: ='Secret. Escolar'!$C$48 | D48: 43 | AI48: =COUNTIF(E48:AH48,"f") -> 0
A49: 44 | B49: ='Secret. Escolar'!$B$49 | C49: ='Secret. Escolar'!$C$49 | D49: 44 | AI49: =COUNTIF(E49:AH49,"f") -> 0
A50: 45 | B50: ='Secret. Escolar'!$B$50 | C50: ='Secret. Escolar'!$C$50 | D50: 45 | AI50: =COUNTIF(E50:AH50,"f") -> 0
A51: 46 | B51: ='Secret. Escolar'!$B$51 | C51: ='Secret. Escolar'!$C$51 | D51: 46 | AI51: =COUNTIF(E51:AH51,"f") -> 0
A52: 47 | B52: ='Secret. Escolar'!$B$52 | C52: ='Secret. Escolar'!$C$52 | D52: 47 | AI52: =COUNTIF(E52:AH52,"f") -> 0
A53: 48 | B53: ='Secret. Escolar'!$B$53 | C53: ='Secret. Escolar'!$C$53 | D53: 48 | AI53: =COUNTIF(E53:AH53,"f") -> 0
A54: 49 | B54: ='Secret. Escolar'!$B$54 | C54: ='Secret. Escolar'!$C$54 | D54: 49 | AI54: =COUNTIF(E54:AH54,"f") -> 0
A55: 50 | B55: ='Secret. Escolar'!$B$55 | C55: ='Secret. Escolar'!$C$55 | D55: 50 | AI55: =COUNTIF(E55:AH55,"f") -> 0

Sheet Reg. Aulas 2º Bim
A1: AULAS DADAS | B1: DATA | C1: UNIDADE TEMÁTICA | D1: Resumo dos objetos de conhecimentos e metodologias trabalhados
A2: 1 | B2: ='Frequência 2º Bim'!E5
A3: 2 | B3: ='Frequência 2º Bim'!F5
A4: 3 | B4: ='Frequência 2º Bim'!G5
A5: 4 | B5: ='Frequência 2º Bim'!H5
A6: 5 | B6: ='Frequência 2º Bim'!I5
A7: 6 | B7: ='Frequência 2º Bim'!J5
A8: 7 | B8: ='Frequência 2º Bim'!K5
A9: 8 | B9: ='Frequência 2º Bim'!L5
A10: 9 | B10: ='Frequência 2º Bim'!M5
A11: 10 | B11: ='Frequência 2º Bim'!N5
A12: 11 | B12: ='Frequência 2º Bim'!O5
A13: 12 | B13: ='Frequência 2º Bim'!P5
A14: 13 | B14: ='Frequência 2º Bim'!Q5
A15: 14 | B15: ='Frequência 2º Bim'!R5
A16: 15 | B16: ='Frequência 2º Bim'!S5
A17: 16 | B17: ='Frequência 2º Bim'!T5
A18: 17 | B18: ='Frequência 2º Bim'!U5
A19: 18 | B19: ='Frequência 2º Bim'!V5
A20: 19 | B20: ='Frequência 2º Bim'!W5
A21: 20 | B21: ='Frequência 2º Bim'!X5
A22: 21 | B22: ='Frequência 2º Bim'!Y5
A23: 22 | B23: ='Frequência 2º Bim'!Z5
A24: 23 | B24: ='Frequência 2º Bim'!AA5
A25: 24 | B25: ='Frequência 2º Bim'!AB5
A26: 25 | B26: ='Frequência 2º Bim'!AC5
A27: 26 | B27: ='Frequência 2º Bim'!AD5
A28: 27 | B28: ='Frequência 2º Bim'!AE5
A29: 28 | B29: ='Frequência 2º Bim'!AF5
A30: 29 | B30: ='Frequência 2º Bim'!AG5
A31: 30 | B31: ='Frequência 2º Bim'!AH5
A32: Quadro de encerramento do Bimestre
A33: Aulas Previstas | C33: 20
D34: Assinatura do Professor (a)
D35: ="Professor(a): "&Capa!G35 -> Professor(a): ITAMAR VIEIRA NUNES
D36: Data ___/_____/_____
A37: Aulas Dadas | C37: =COUNTA('Frequência 2º Bim'!E5:AH5) -> 0
D38: Carimbo e visto da Autoridade Escolar Encerrado em _______________________

Sheet OBS 2º Bim.
A1: ="Componente Curricular: "&Capa!J38&"" -> Componente Curricular: Educaçao Física | D1: ="Ano: "&Capa!F30&" Turma: "&Capa!N30&" Turno: "&Capa!F32&" Ano Letivo: "&Capa!O32&" 2º Bimestre"&" Professor(a): "&Capa!G35 -> Ano: 2° Turma: D Turno: Vespertino Ano Letivo: 2026 2º Bimestre Professor(a): ITAMAR VIEIRA NUNES
A3: Nº ALUNO | B3: ="Aulas Dadas: "&COUNTA('Frequência 2º Bim'!$E$5:$AH$5) -> Aulas Dadas: 0 | C3: Movimentções | D3: OBSERVAÇÕES DAS FREQUÊNCIAS | E3: OBSERVAÇÕES DOS REGISTROS
B5: Nome dos alunos
A6: 1 | B6: ='Secret. Escolar'!$B$6 -> Adriana Sofia Gonzalez Torres | C6: ='Secret. Escolar'!$C$6
A7: 2 | B7: ='Secret. Escolar'!$B$7 -> Alyson Lucas de Sousa Alencar | C7: ='Secret. Escolar'!$C$7
A8: 3 | B8: ='Secret. Escolar'!$B$8 -> Ana Clara Silva Zanolim | C8: ='Secret. Escolar'!$C$8
A9: 4 | B9: ='Secret. Escolar'!$B$9 -> Antônio Alves Pereira de Souza | C9: ='Secret. Escolar'!$C$9
A10: 5 | B10: ='Secret. Escolar'!$B$10 -> Cecília Resende dos Santos | C10: ='Secret. Escolar'!$C$10
A11: 6 | B11: ='Secret. Escolar'!$B$11 -> Emanuelly Vale da Silva | C11: ='Secret. Escolar'!$C$11
A12: 7 | B12: ='Secret. Escolar'!$B$12 -> Glloria Vitorya Moreira do Vale | C12: ='Secret. Escolar'!$C$12
A13: 8 | B13: ='Secret. Escolar'!$B$13 -> Izabelly Vitória Pereira Muniz | C13: ='Secret. Escolar'!$C$13
A14: 9 | B14: ='Secret. Escolar'!$B$14 -> Kaleu Carneiro Mesquita Tavares | C14: ='Secret. Escolar'!$C$14
A15: 10 | B15: ='Secret. Escolar'!$B$15 -> Lelimar Sofia Reyes Febres | C15: ='Secret. Escolar'!$C$15
A16: 11 | B16: ='Secret. Escolar'!$B$16 -> Luiz Gustavo Rodrigues Carneiro | C16: ='Secret. Escolar'!$C$16
A17: 12 | B17: ='Secret. Escolar'!$B$17 -> Luiz Otávio Santos de Sousa | C17: ='Secret. Escolar'!$C$17
A18: 13 | B18: ='Secret. Escolar'!$B$18 -> Maria Valentina de Souza | C18: ='Secret. Escolar'!$C$18
A19: 14 | B19: ='Secret. Escolar'!$B$19 -> Maysa Barros Caitano dos Santos | C19: ='Secret. Escolar'!$C$19
A20: 15 | B20: ='Secret. Escolar'!$B$20 -> Melissa Oliveira Magalhães | C20: ='Secret. Escolar'!$C$20
A21: 16 | B21: ='Secret. Escolar'!$B$21 -> Neilson de Oliveira Carneiro | C21: ='Secret. Escolar'!$C$21
A22: 17 | B22: ='Secret. Escolar'!$B$22 -> Sarah Gabrielle Coelho Lopes | C22: ='Secret. Escolar'!$C$22
A23: 18 | B23: ='Secret. Escolar'!$B$23 -> Sophia Pereira de Oliveira | C23: ='Secret. Escolar'!$C$23
A24: 19 | B24: ='Secret. Escolar'!$B$24 -> Wuilmer Adrian Ramos Salazar | C24: ='Secret. Escolar'!$C$24
A25: 20 | B25: ='Secret. Escolar'!$B$25 | C25: ='Secret. Escolar'!$C$25
A26: 21 | B26: ='Secret. Escolar'!$B$26 | C26: ='Secret. Escolar'!$C$26
A27: 22 | B27: ='Secret. Escolar'!$B$27 | C27: ='Secret. Escolar'!$C$27
A28: 23 | B28: ='Secret. Escolar'!$B$28 | C28: ='Secret. Escolar'!$C$28
A29: 24 | B29: ='Secret. Escolar'!$B$29 | C29: ='Secret. Escolar'!$C$29
A30: 25 | B30: ='Secret. Escolar'!$B$30 | C30: ='Secret. Escolar'!$C$30
A31: 26 | B31: ='Secret. Escolar'!$B$31 | C31: ='Secret. Escolar'!$C$31
A32: 27 | B32: ='Secret. Escolar'!$B$32 | C32: ='Secret. Escolar'!$C$32
A33: 28 | B33: ='Secret. Escolar'!$B$33 | C33: ='Secret. Escolar'!$C$33
A34: 29 | B34: ='Secret. Escolar'!$B$34 | C34: ='Secret. Escolar'!$C$34
A35: 30 | B35: ='Secret. Escolar'!$B$35 | C35: ='Secret. Escolar'!$C$35
A36: 31 | B36: ='Secret. Escolar'!$B$36 | C36: ='Secret. Escolar'!$C$36
A37: 32 | B37: ='Secret. Escolar'!$B$37 | C37: ='Secret. Escolar'!$C$37
A38: 33 | B38: ='Secret. Escolar'!$B$38 | C38: ='Secret. Escolar'!$C$38
A39: 34 | B39: ='Secret. Escolar'!$B$39 | C39: ='Secret. Escolar'!$C$39
A40: 35 | B40: ='Secret. Escolar'!$B$40 | C40: ='Secret. Escolar'!$C$40
A41: 36 | B41: ='Secret. Escolar'!$B$41 | C41: ='Secret. Escolar'!$C$41
A42: 37 | B42: ='Secret. Escolar'!$B$42 | C42: ='Secret. Escolar'!$C$42
A43: 38 | B43: ='Secret. Escolar'!$B$43 | C43: ='Secret. Escolar'!$C$43
A44: 39 | B44: ='Secret. Escolar'!$B$44 | C44: ='Secret. Escolar'!$C$44
A45: 40 | B45: ='Secret. Escolar'!$B$45 | C45: ='Secret. Escolar'!$C$45
A46: 41 | B46: ='Secret. Escolar'!$B$46 | C46: ='Secret. Escolar'!$C$46
A47: 42 | B47: ='Secret. Escolar'!$B$47 | C47: ='Secret. Escolar'!$C$47
A48: 43 | B48: ='Secret. Escolar'!$B$48 | C48: ='Secret. Escolar'!$C$48
A49: 44 | B49: ='Secret. Escolar'!$B$49 | C49: ='Secret. Escolar'!$C$49
A50: 45 | B50: ='Secret. Escolar'!$B$50 | C50: ='Secret. Escolar'!$C$50
A51: 46 | B51: ='Secret. Escolar'!$B$51 | C51: ='Secret. Escolar'!$C$51
A52: 47 | B52: ='Secret. Escolar'!$B$52 | C52: ='Secret. Escolar'!$C$52
A53: 48 | B53: ='Secret. Escolar'!$B$53 | C53: ='Secret. Escolar'!$C$53
A54: 49 | B54: ='Secret. Escolar'!$B$54 | C54: ='Secret. Escolar'!$C$54
A55: 50 | B55: ='Secret. Escolar'!$B$55 | C55: ='Secret. Escolar'!$C$55
B58: ="Professor(a): "&Capa!G35 -> Professor(a): ITAMAR VIEIRA NUNES | D58: Ass. e carimbo da autoridade escolar
D59: Data ____/____/____

Sheet Acompanhamento 1º Semestre.
A1: =Capa!$C$38&Capa!K38&" 1° Semestre" -> Componente Curricular: 1° Semestre | D1: ="Ano: "&Capa!F30&" Turma: "&Capa!N30&" Turno: "&Capa!F32&" Ano Letivo: "&Capa!O32&" " -> Ano: 2° Turma: D Turno: Vespertino Ano Letivo: 2026
D2: ="Professor(a): "&Capa!G35 -> Professor(a): ITAMAR VIEIRA NUNES
A3: RESERVADO AO PROFESSOR (A) DE EDUCAÇÃO FÍSICA | D3: Acompanhamento do desenvolvimentos físico do aluno
A4: Nº do Aluno | B4: Nome dos alunos | C4: Movimentções | D4: Data do acompanhamento | E4: Sexo | F4: Idade | G4: Peso | H4: Estatura | I4: IMC | J4: Situação
A5: 1 | B5: ='Secret. Escolar'!$B$6 -> Adriana Sofia Gonzalez Torres | C5: ='Secret. Escolar'!$C$6 | I5: =IFERROR(G5/(H5*H5), "") | J5: {=IFERROR(IF(I5 < INDEX('Referência'!$B$2:$B$21, MATCH(F5&E5, 'Referência'!$A$2:$A$21, 0)), "Abaixo do peso", IF(I5 < INDEX('Referência'!$C$2:$C$21, MATCH(F5&E5, 'Referência'!$A$2:$A$21, 0)), "Normal", IF(I5 < INDEX('Referência'!$D$2:$D$21, MATCH(F5&E5, 'Referência'!$A$2:$A$21, 0)), "Sobrepeso", "Obesidade"))), "")}
A6: 2 | B6: ='Secret. Escolar'!$B$7 -> Alyson Lucas de Sousa Alencar | C6: ='Secret. Escolar'!$C$7 | I6: =IFERROR(G6/(H6*H6), "") | J6: {=IFERROR(IF(I6 < INDEX('Referência'!$B$2:$B$21, MATCH(F6&E6, 'Referência'!$A$2:$A$21, 0)), "Abaixo do peso", IF(I6 < INDEX('Referência'!$C$2:$C$21, MATCH(F6&E6, 'Referência'!$A$2:$A$21, 0)), "Normal", IF(I6 < INDEX('Referência'!$D$2:$D$21, MATCH(F6&E6, 'Referência'!$A$2:$A$21, 0)), "Sobrepeso", "Obesidade"))), "")}
A7: 3 | B7: ='Secret. Escolar'!$B$8 -> Ana Clara Silva Zanolim | C7: ='Secret. Escolar'!$C$8 | I7: =IFERROR(G7/(H7*H7), "") | J7: {=IFERROR(IF(I7 < INDEX('Referência'!$B$2:$B$21, MATCH(F7&E7, 'Referência'!$A$2:$A$21, 0)), "Abaixo do peso", IF(I7 < INDEX('Referência'!$C$2:$C$21, MATCH(F7&E7, 'Referência'!$A$2:$A$21, 0)), "Normal", IF(I7 < INDEX('Referência'!$D$2:$D$21, MATCH(F7&E7, 'Referência'!$A$2:$A$21, 0)), "Sobrepeso", "Obesidade"))), "")}
A8: 4 | B8: ='Secret. Escolar'!$B$9 -> Antônio Alves Pereira de Souza | C8: ='Secret. Escolar'!$C$9 | I8: =IFERROR(G8/(H8*H8), "") | J8: {=IFERROR(IF(I8 < INDEX('Referência'!$B$2:$B$21, MATCH(F8&E8, 'Referência'!$A$2:$A$21, 0)), "Abaixo do peso", IF(I8 < INDEX('Referência'!$C$2:$C$21, MATCH(F8&E8, 'Referência'!$A$2:$A$21, 0)), "Normal", IF(I8 < INDEX('Referência'!$D$2:$D$21, MATCH(F8&E8, 'Referência'!$A$2:$A$21, 0)), "Sobrepeso", "Obesidade"))), "")}
A9: 5 | B9: ='Secret. Escolar'!$B$10 -> Cecília Resende dos Santos | C9: ='Secret. Escolar'!$C$10 | I9: =IFERROR(G9/(H9*H9), "") | J9: {=IFERROR(IF(I9 < INDEX('Referência'!$B$2:$B$21, MATCH(F9&E9, 'Referência'!$A$2:$A$21, 0)), "Abaixo do peso", IF(I9 < INDEX('Referência'!$C$2:$C$21, MATCH(F9&E9, 'Referência'!$A$2:$A$21, 0)), "Normal", IF(I9 < INDEX('Referência'!$D$2:$D$21, MATCH(F9&E9, 'Referência'!$A$2:$A$21, 0)), "Sobrepeso", "Obesidade"))), "")}
A10: 6 | B10: ='Secret. Escolar'!$B$11 -> Emanuelly Vale da Silva | C10: ='Secret. Escolar'!$C$11 | I10: =IFERROR(G10/(H10*H10), "") | J10: {=IFERROR(IF(I10 < INDEX('Referência'!$B$2:$B$21, MATCH(F10&E10, 'Referência'!$A$2:$A$21, 0)), "Abaixo do peso", IF(I10 < INDEX('Referência'!$C$2:$C$21, MATCH(F10&E10, 'Referência'!$A$2:$A$21, 0)), "Normal", IF(I10 < INDEX('Referência'!$D$2:$D$21, MATCH(F10&E10, 'Referência'!$A$2:$A$21, 0)), "Sobrepeso", "Obesidade"))), "")}
A11: 7 | B11: ='Secret. Escolar'!$B$12 -> Glloria Vitorya Moreira do Vale | C11: ='Secret. Escolar'!$C$12 | I11: =IFERROR(G11/(H11*H11), "") | J11: {=IFERROR(IF(I11 < INDEX('Referência'!$B$2:$B$21, MATCH(F11&E11, 'Referência'!$A$2:$A$21, 0)), "Abaixo do peso", IF(I11 < INDEX('Referência'!$C$2:$C$21, MATCH(F11&E11, 'Referência'!$A$2:$A$21, 0)), "Normal", IF(I11 < INDEX('Referência'!$D$2:$D$21, MATCH(F11&E11, 'Referência'!$A$2:$A$21, 0)), "Sobrepeso", "Obesidade"))), "")}
A12: 8 | B12: ='Secret. Escolar'!$B$13 -> Izabelly Vitória Pereira Muniz | C12: ='Secret. Escolar'!$C$13 | I12: =IFERROR(G12/(H12*H12), "") | J12: {=IFERROR(IF(I12 < INDEX('Referência'!$B$2:$B$21, MATCH(F12&E12, 'Referência'!$A$2:$A$21, 0)), "Abaixo do peso", IF(I12 < INDEX('Referência'!$C$2:$C$21, MATCH(F12&E12, 'Referência'!$A$2:$A$21, 0)), "Normal", IF(I12 < INDEX('Referência'!$D$2:$D$21, MATCH(F12&E12, 'Referência'!$A$2:$A$21, 0)), "Sobrepeso", "Obesidade"))), "")}
A13: 9 | B13: ='Secret. Escolar'!$B$14 -> Kaleu Carneiro Mesquita Tavares | C13: ='Secret. Escolar'!$C$14 | I13: =IFERROR(G13/(H13*H13), "") | J13: {=IFERROR(IF(I13 < INDEX('Referência'!$B$2:$B$21, MATCH(F13&E13, 'Referência'!$A$2:$A$21, 0)), "Abaixo do peso", IF(I13 < INDEX('Referência'!$C$2:$C$21, MATCH(F13&E13, 'Referência'!$A$2:$A$21, 0)), "Normal", IF(I13 < INDEX('Referência'!$D$2:$D$21, MATCH(F13&E13, 'Referência'!$A$2:$A$21, 0)), "Sobrepeso", "Obesidade"))), "")}
A14: 10 | B14: ='Secret. Escolar'!$B$15 -> Lelimar Sofia Reyes Febres | C14: ='Secret. Escolar'!$C$15 | I14: =IFERROR(G14/(H14*H14), "") | J14: {=IFERROR(IF(I14 < INDEX('Referência'!$B$2:$B$21, MATCH(F14&E14, 'Referência'!$A$2:$A$21, 0)), "Abaixo do peso", IF(I14 < INDEX('Referência'!$C$2:$C$21, MATCH(F14&E14, 'Referência'!$A$2:$A$21, 0)), "Normal", IF(I14 < INDEX('Referência'!$D$2:$D$21, MATCH(F14&E14, 'Referência'!$A$2:$A$21, 0)), "Sobrepeso", "Obesidade"))), "")}
A15: 11 | B15: ='Secret. Escolar'!$B$16 -> Luiz Gustavo Rodrigues Carneiro | C15: ='Secret. Escolar'!$C$16 | I15: =IFERROR(G15/(H15*H15), "") | J15: {=IFERROR(IF(I15 < INDEX('Referência'!$B$2:$B$21, MATCH(F15&E15, 'Referência'!$A$2:$A$21, 0)), "Abaixo do peso", IF(I15 < INDEX('Referência'!$C$2:$C$21, MATCH(F15&E15, 'Referência'!$A$2:$A$21, 0)), "Normal", IF(I15 < INDEX('Referência'!$D$2:$D$21, MATCH(F15&E15, 'Referência'!$A$2:$A$21, 0)), "Sobrepeso", "Obesidade"))), "")}
A16: 12 | B16: ='Secret. Escolar'!$B$17 -> Luiz Otávio Santos de Sousa | C16: ='Secret. Escolar'!$C$17 | I16: =IFERROR(G16/(H16*H16), "") | J16: {=IFERROR(IF(I16 < INDEX('Referência'!$B$2:$B$21, MATCH(F16&E16, 'Referência'!$A$2:$A$21, 0)), "Abaixo do peso", IF(I16 < INDEX('Referência'!$C$2:$C$21, MATCH(F16&E16, 'Referência'!$A$2:$A$21, 0)), "Normal", IF(I16 < INDEX('Referência'!$D$2:$D$21, MATCH(F16&E16, 'Referência'!$A$2:$A$21, 0)), "Sobrepeso", "Obesidade"))), "")}
A17: 13 | B17: ='Secret. Escolar'!$B$18 -> Maria Valentina de Souza | C17: ='Secret. Escolar'!$C$18 | I17: =IFERROR(G17/(H17*H17), "") | J17: {=IFERROR(IF(I17 < INDEX('Referência'!$B$2:$B$21, MATCH(F17&E17, 'Referência'!$A$2:$A$21, 0)), "Abaixo do peso", IF(I17 < INDEX('Referência'!$C$2:$C$21, MATCH(F17&E17, 'Referência'!$A$2:$A$21, 0)), "Normal", IF(I17 < INDEX('Referência'!$D$2:$D$21, MATCH(F17&E17, 'Referência'!$A$2:$A$21, 0)), "Sobrepeso", "Obesidade"))), "")}
A18: 14 | B18: ='Secret. Escolar'!$B$19 -> Maysa Barros Caitano dos Santos | C18: ='Secret. Escolar'!$C$19 | I18: =IFERROR(G18/(H18*H18), "") | J18: {=IFERROR(IF(I18 < INDEX('Referência'!$B$2:$B$21, MATCH(F18&E18, 'Referência'!$A$2:$A$21, 0)), "Abaixo do peso", IF(I18 < INDEX('Referência'!$C$2:$C$21, MATCH(F18&E18, 'Referência'!$A$2:$A$21, 0)), "Normal", IF(I18 < INDEX('Referência'!$D$2:$D$21, MATCH(F18&E18, 'Referência'!$A$2:$A$21, 0)), "Sobrepeso", "Obesidade"))), "")}
A19: 15 | B19: ='Secret. Escolar'!$B$20 -> Melissa Oliveira Magalhães | C19: ='Secret. Escolar'!$C$20 | I19: =IFERROR(G19/(H19*H19), "") | J19: {=IFERROR(IF(I19 < INDEX('Referência'!$B$2:$B$21, MATCH(F19&E19, 'Referência'!$A$2:$A$21, 0)), "Abaixo do peso", IF(I19 < INDEX('Referência'!$C$2:$C$21, MATCH(F19&E19, 'Referência'!$A$2:$A$21, 0)), "Normal", IF(I19 < INDEX('Referência'!$D$2:$D$21, MATCH(F19&E19, 'Referência'!$A$2:$A$21, 0)), "Sobrepeso", "Obesidade"))), "")}
A20: 16 | B20: ='Secret. Escolar'!$B$21 -> Neilson de Oliveira Carneiro | C20: ='Secret. Escolar'!$C$21 | I20: =IFERROR(G20/(H20*H20), "") | J20: {=IFERROR(IF(I20 < INDEX('Referência'!$B$2:$B$21, MATCH(F20&E20, 'Referência'!$A$2:$A$21, 0)), "Abaixo do peso", IF(I20 < INDEX('Referência'!$C$2:$C$21, MATCH(F20&E20, 'Referência'!$A$2:$A$21, 0)), "Normal", IF(I20 < INDEX('Referência'!$D$2:$D$21, MATCH(F20&E20, 'Referência'!$A$2:$A$21, 0)), "Sobrepeso", "Obesidade"))), "")}
A21: 17 | B21: ='Secret. Escolar'!$B$22 -> Sarah Gabrielle Coelho Lopes | C21: ='Secret. Escolar'!$C$22 | I21: =IFERROR(G21/(H21*H21), "") | J21: {=IFERROR(IF(I21 < INDEX('Referência'!$B$2:$B$21, MATCH(F21&E21, 'Referência'!$A$2:$A$21, 0)), "Abaixo do peso", IF(I21 < INDEX('Referência'!$C$2:$C$21, MATCH(F21&E21, 'Referência'!$A$2:$A$21, 0)), "Normal", IF(I21 < INDEX('Referência'!$D$2:$D$21, MATCH(F21&E21, 'Referência'!$A$2:$A$21, 0)), "Sobrepeso", "Obesidade"))), "")}
A22: 18 | B22: ='Secret. Escolar'!$B$23 -> Sophia Pereira de Oliveira | C22: ='Secret. Escolar'!$C$23 | I22: =IFERROR(G22/(H22*H22), "") | J22: {=IFERROR(IF(I22 < INDEX('Referência'!$B$2:$B$21, MATCH(F22&E22, 'Referência'!$A$2:$A$21, 0)), "Abaixo do peso", IF(I22 < INDEX('Referência'!$C$2:$C$21, MATCH(F22&E22, 'Referência'!$A$2:$A$21, 0)), "Normal", IF(I22 < INDEX('Referência'!$D$2:$D$21, MATCH(F22&E22, 'Referência'!$A$2:$A$21, 0)), "Sobrepeso", "Obesidade"))), "")}
A23: 19 | B23: ='Secret. Escolar'!$B$24 -> Wuilmer Adrian Ramos Salazar | C23: ='Secret. Escolar'!$C$24 | I23: =IFERROR(G23/(H23*H23), "") | J23: {=IFERROR(IF(I23 < INDEX('Referência'!$B$2:$B$21, MATCH(F23&E23, 'Referência'!$A$2:$A$21, 0)), "Abaixo do peso", IF(I23 < INDEX('Referência'!$C$2:$C$21, MATCH(F23&E23, 'Referência'!$A$2:$A$21, 0)), "Normal", IF(I23 < INDEX('Referência'!$D$2:$D$21, MATCH(F23&E23, 'Referência'!$A$2:$A$21, 0)), "Sobrepeso", "Obesidade"))), "")}
A24: 20 | B24: ='Secret. Escolar'!$B$25 | C24: ='Secret. Escolar'!$C$25 | I24: =IFERROR(G24/(H24*H24), "") | J24: {=IFERROR(IF(I24 < INDEX('Referência'!$B$2:$B$21, MATCH(F24&E24, 'Referência'!$A$2:$A$21, 0)), "Abaixo do peso", IF(I24 < INDEX('Referência'!$C$2:$C$21, MATCH(F24&E24, 'Referência'!$A$2:$A$21, 0)), "Normal", IF(I24 < INDEX('Referência'!$D$2:$D$21, MATCH(F24&E24, 'Referência'!$A$2:$A$21, 0)), "Sobrepeso", "Obesidade"))), "")}
A25: 21 | B25: ='Secret. Escolar'!$B$26 | C25: ='Secret. Escolar'!$C$26 | I25: =IFERROR(G25/(H25*H25), "") | J25: {=IFERROR(IF(I25 < INDEX('Referência'!$B$2:$B$21, MATCH(F25&E25, 'Referência'!$A$2:$A$21, 0)), "Abaixo do peso", IF(I25 < INDEX('Referência'!$C$2:$C$21, MATCH(F25&E25, 'Referência'!$A$2:$A$21, 0)), "Normal", IF(I25 < INDEX('Referência'!$D$2:$D$21, MATCH(F25&E25, 'Referência'!$A$2:$A$21, 0)), "Sobrepeso", "Obesidade"))), "")}
A26: 22 | B26: ='Secret. Escolar'!$B$27 | C26: ='Secret. Escolar'!$C$27 | I26: =IFERROR(G26/(H26*H26), "") | J26: {=IFERROR(IF(I26 < INDEX('Referência'!$B$2:$B$21, MATCH(F26&E26, 'Referência'!$A$2:$A$21, 0)), "Abaixo do peso", IF(I26 < INDEX('Referência'!$C$2:$C$21, MATCH(F26&E26, 'Referência'!$A$2:$A$21, 0)), "Normal", IF(I26 < INDEX('Referência'!$D$2:$D$21, MATCH(F26&E26, 'Referência'!$A$2:$A$21, 0)), "Sobrepeso", "Obesidade"))), "")}
A27: 23 | B27: ='Secret. Escolar'!$B$28 | C27: ='Secret. Escolar'!$C$28 | I27: =IFERROR(G27/(H27*H27), "") | J27: {=IFERROR(IF(I27 < INDEX('Referência'!$B$2:$B$21, MATCH(F27&E27, 'Referência'!$A$2:$A$21, 0)), "Abaixo do peso", IF(I27 < INDEX('Referência'!$C$2:$C$21, MATCH(F27&E27, 'Referência'!$A$2:$A$21, 0)), "Normal", IF(I27 < INDEX('Referência'!$D$2:$D$21, MATCH(F27&E27, 'Referência'!$A$2:$A$21, 0)), "Sobrepeso", "Obesidade"))), "")}
A28: 24 | B28: ='Secret. Escolar'!$B$29 | C28: ='Secret. Escolar'!$C$29 | I28: =IFERROR(G28/(H28*H28), "") | J28: {=IFERROR(IF(I28 < INDEX('Referência'!$B$2:$B$21, MATCH(F28&E28, 'Referência'!$A$2:$A$21, 0)), "Abaixo do peso", IF(I28 < INDEX('Referência'!$C$2:$C$21, MATCH(F28&E28, 'Referência'!$A$2:$A$21, 0)), "Normal", IF(I28 < INDEX('Referência'!$D$2:$D$21, MATCH(F28&E28, 'Referência'!$A$2:$A$21, 0)), "Sobrepeso", "Obesidade"))), "")}
A29: 25 | B29: ='Secret. Escolar'!$B$30 | C29: ='Secret. Escolar'!$C$30 | I29: =IFERROR(G29/(H29*H29), "") | J29: {=IFERROR(IF(I29 < INDEX('Referência'!$B$2:$B$21, MATCH(F29&E29, 'Referência'!$A$2:$A$21, 0)), "Abaixo do peso", IF(I29 < INDEX('Referência'!$C$2:$C$21, MATCH(F29&E29, 'Referência'!$A$2:$A$21, 0)), "Normal", IF(I29 < INDEX('Referência'!$D$2:$D$21, MATCH(F29&E29, 'Referência'!$A$2:$A$21, 0)), "Sobrepeso", "Obesidade"))), "")}
A30: 26 | B30: ='Secret. Escolar'!$B$31 | C30: ='Secret. Escolar'!$C$31 | I30: =IFERROR(G30/(H30*H30), "") | J30: {=IFERROR(IF(I30 < INDEX('Referência'!$B$2:$B$21, MATCH(F30&E30, 'Referência'!$A$2:$A$21, 0)), "Abaixo do peso", IF(I30 < INDEX('Referência'!$C$2:$C$21, MATCH(F30&E30, 'Referência'!$A$2:$A$21, 0)), "Normal", IF(I30 < INDEX('Referência'!$D$2:$D$21, MATCH(F30&E30, 'Referência'!$A$2:$A$21, 0)), "Sobrepeso", "Obesidade"))), "")}
A31: 27 | B31: ='Secret. Escolar'!$B$32 | C31: ='Secret. Escolar'!$C$32 | I31: =IFERROR(G31/(H31*H31), "") | J31: {=IFERROR(IF(I31 < INDEX('Referência'!$B$2:$B$21, MATCH(F31&E31, 'Referência'!$A$2:$A$21, 0)), "Abaixo do peso", IF(I31 < INDEX('Referência'!$C$2:$C$21, MATCH(F31&E31, 'Referência'!$A$2:$A$21, 0)), "Normal", IF(I31 < INDEX('Referência'!$D$2:$D$21, MATCH(F31&E31, 'Referência'!$A$2:$A$21, 0)), "Sobrepeso", "Obesidade"))), "")}
A32: 28 | B32: ='Secret. Escolar'!$B$33 | C32: ='Secret. Escolar'!$C$33 | I32: =IFERROR(G32/(H32*H32), "") | J32: {=IFERROR(IF(I32 < INDEX('Referência'!$B$2:$B$21, MATCH(F32&E32, 'Referência'!$A$2:$A$21, 0)), "Abaixo do peso", IF(I32 < INDEX('Referência'!$C$2:$C$21, MATCH(F32&E32, 'Referência'!$A$2:$A$21, 0)), "Normal", IF(I32 < INDEX('Referência'!$D$2:$D$21, MATCH(F32&E32, 'Referência'!$A$2:$A$21, 0)), "Sobrepeso", "Obesidade"))), "")}
A33: 29 | B33: ='Secret. Escolar'!$B$34 | C33: ='Secret. Escolar'!$C$34 | I33: =IFERROR(G33/(H33*H33), "") | J33: {=IFERROR(IF(I33 < INDEX('Referência'!$B$2:$B$21, MATCH(F33&E33, 'Referência'!$A$2:$A$21, 0)), "Abaixo do peso", IF(I33 < INDEX('Referência'!$C$2:$C$21, MATCH(F33&E33, 'Referência'!$A$2:$A$21, 0)), "Normal", IF(I33 < INDEX('Referência'!$D$2:$D$21, MATCH(F33&E33, 'Referência'!$A$2:$A$21, 0)), "Sobrepeso", "Obesidade"))), "")}
A34: 30 | B34: ='Secret. Escolar'!$B$35 | C34: ='Secret. Escolar'!$C$35 | I34: =IFERROR(G34/(H34*H34), "") | J34: {=IFERROR(IF(I34 < INDEX('Referência'!$B$2:$B$21, MATCH(F34&E34, 'Referência'!$A$2:$A$21, 0)), "Abaixo do peso", IF(I34 < INDEX('Referência'!$C$2:$C$21, MATCH(F34&E34, 'Referência'!$A$2:$A$21, 0)), "Normal", IF(I34 < INDEX('Referência'!$D$2:$D$21, MATCH(F34&E34, 'Referência'!$A$2:$A$21, 0)), "Sobrepeso", "Obesidade"))), "")}
A35: 31 | B35: ='Secret. Escolar'!$B$36 | C35: ='Secret. Escolar'!$C$36 | I35: =IFERROR(G35/(H35*H35), "") | J35: {=IFERROR(IF(I35 < INDEX('Referência'!$B$2:$B$21, MATCH(F35&E35, 'Referência'!$A$2:$A$21, 0)), "Abaixo do peso", IF(I35 < INDEX('Referência'!$C$2:$C$21, MATCH(F35&E35, 'Referência'!$A$2:$A$21, 0)), "Normal", IF(I35 < INDEX('Referência'!$D$2:$D$21, MATCH(F35&E35, 'Referência'!$A$2:$A$21, 0)), "Sobrepeso", "Obesidade"))), "")}
A36: 32 | B36: ='Secret. Escolar'!$B$37 | C36: ='Secret. Escolar'!$C$37 | I36: =IFERROR(G36/(H36*H36), "") | J36: {=IFERROR(IF(I36 < INDEX('Referência'!$B$2:$B$21, MATCH(F36&E36, 'Referência'!$A$2:$A$21, 0)), "Abaixo do peso", IF(I36 < INDEX('Referência'!$C$2:$C$21, MATCH(F36&E36, 'Referência'!$A$2:$A$21, 0)), "Normal", IF(I36 < INDEX('Referência'!$D$2:$D$21, MATCH(F36&E36, 'Referência'!$A$2:$A$21, 0)), "Sobrepeso", "Obesidade"))), "")}
A37: 33 | B37: ='Secret. Escolar'!$B$38 | C37: ='Secret. Escolar'!$C$38 | I37: =IFERROR(G37/(H37*H37), "") | J37: {=IFERROR(IF(I37 < INDEX('Referência'!$B$2:$B$21, MATCH(F37&E37, 'Referência'!$A$2:$A$21, 0)), "Abaixo do peso", IF(I37 < INDEX('Referência'!$C$2:$C$21, MATCH(F37&E37, 'Referência'!$A$2:$A$21, 0)), "Normal", IF(I37 < INDEX('Referência'!$D$2:$D$21, MATCH(F37&E37, 'Referência'!$A$2:$A$21, 0)), "Sobrepeso", "Obesidade"))), "")}
A38: 34 | B38: ='Secret. Escolar'!$B$39 | C38: ='Secret. Escolar'!$C$39 | I38: =IFERROR(G38/(H38*H38), "") | J38: {=IFERROR(IF(I38 < INDEX('Referência'!$B$2:$B$21, MATCH(F38&E38, 'Referência'!$A$2:$A$21, 0)), "Abaixo do peso", IF(I38 < INDEX('Referência'!$C$2:$C$21, MATCH(F38&E38, 'Referência'!$A$2:$A$21, 0)), "Normal", IF(I38 < INDEX('Referência'!$D$2:$D$21, MATCH(F38&E38, 'Referência'!$A$2:$A$21, 0)), "Sobrepeso", "Obesidade"))), "")}
A39: 35 | B39: ='Secret. Escolar'!$B$40 | C39: ='Secret. Escolar'!$C$40 | I39: =IFERROR(G39/(H39*H39), "") | J39: {=IFERROR(IF(I39 < INDEX('Referência'!$B$2:$B$21, MATCH(F39&E39, 'Referência'!$A$2:$A$21, 0)), "Abaixo do peso", IF(I39 < INDEX('Referência'!$C$2:$C$21, MATCH(F39&E39, 'Referência'!$A$2:$A$21, 0)), "Normal", IF(I39 < INDEX('Referência'!$D$2:$D$21, MATCH(F39&E39, 'Referência'!$A$2:$A$21, 0)), "Sobrepeso", "Obesidade"))), "")}
A40: 36 | B40: ='Secret. Escolar'!$B$41 | C40: ='Secret. Escolar'!$C$41 | I40: =IFERROR(G40/(H40*H40), "") | J40: {=IFERROR(IF(I40 < INDEX('Referência'!$B$2:$B$21, MATCH(F40&E40, 'Referência'!$A$2:$A$21, 0)), "Abaixo do peso", IF(I40 < INDEX('Referência'!$C$2:$C$21, MATCH(F40&E40, 'Referência'!$A$2:$A$21, 0)), "Normal", IF(I40 < INDEX('Referência'!$D$2:$D$21, MATCH(F40&E40, 'Referência'!$A$2:$A$21, 0)), "Sobrepeso", "Obesidade"))), "")}
A41: 37 | B41: ='Secret. Escolar'!$B$42 | C41: ='Secret. Escolar'!$C$42 | I41: =IFERROR(G41/(H41*H41), "") | J41: {=IFERROR(IF(I41 < INDEX('Referência'!$B$2:$B$21, MATCH(F41&E41, 'Referência'!$A$2:$A$21, 0)), "Abaixo do peso", IF(I41 < INDEX('Referência'!$C$2:$C$21, MATCH(F41&E41, 'Referência'!$A$2:$A$21, 0)), "Normal", IF(I41 < INDEX('Referência'!$D$2:$D$21, MATCH(F41&E41, 'Referência'!$A$2:$A$21, 0)), "Sobrepeso", "Obesidade"))), "")}
A42: 38 | B42: ='Secret. Escolar'!$B$43 | C42: ='Secret. Escolar'!$C$43 | I42: =IFERROR(G42/(H42*H42), "") | J42: {=IFERROR(IF(I42 < INDEX('Referência'!$B$2:$B$21, MATCH(F42&E42, 'Referência'!$A$2:$A$21, 0)), "Abaixo do peso", IF(I42 < INDEX('Referência'!$C$2:$C$21, MATCH(F42&E42, 'Referência'!$A$2:$A$21, 0)), "Normal", IF(I42 < INDEX('Referência'!$D$2:$D$21, MATCH(F42&E42, 'Referência'!$A$2:$A$21, 0)), "Sobrepeso", "Obesidade"))), "")}
A43: 39 | B43: ='Secret. Escolar'!$B$44 | C43: ='Secret. Escolar'!$C$44 | I43: =IFERROR(G43/(H43*H43), "") | J43: {=IFERROR(IF(I43 < INDEX('Referência'!$B$2:$B$21, MATCH(F43&E43, 'Referência'!$A$2:$A$21, 0)), "Abaixo do peso", IF(I43 < INDEX('Referência'!$C$2:$C$21, MATCH(F43&E43, 'Referência'!$A$2:$A$21, 0)), "Normal", IF(I43 < INDEX('Referência'!$D$2:$D$21, MATCH(F43&E43, 'Referência'!$A$2:$A$21, 0)), "Sobrepeso", "Obesidade"))), "")}
A44: 40 | B44: ='Secret. Escolar'!$B$45 | C44: ='Secret. Escolar'!$C$45 | I44: =IFERROR(G44/(H44*H44), "") | J44: {=IFERROR(IF(I44 < INDEX('Referência'!$B$2:$B$21, MATCH(F44&E44, 'Referência'!$A$2:$A$21, 0)), "Abaixo do peso", IF(I44 < INDEX('Referência'!$C$2:$C$21, MATCH(F44&E44, 'Referência'!$A$2:$A$21, 0)), "Normal", IF(I44 < INDEX('Referência'!$D$2:$D$21, MATCH(F44&E44, 'Referência'!$A$2:$A$21, 0)), "Sobrepeso", "Obesidade"))), "")}
A45: 41 | B45: ='Secret. Escolar'!$B$46 | C45: ='Secret. Escolar'!$C$46 | I45: =IFERROR(G45/(H45*H45), "") | J45: {=IFERROR(IF(I45 < INDEX('Referência'!$B$2:$B$21, MATCH(F45&E45, 'Referência'!$A$2:$A$21, 0)), "Abaixo do peso", IF(I45 < INDEX('Referência'!$C$2:$C$21, MATCH(F45&E45, 'Referência'!$A$2:$A$21, 0)), "Normal", IF(I45 < INDEX('Referência'!$D$2:$D$21, MATCH(F45&E45, 'Referência'!$A$2:$A$21, 0)), "Sobrepeso", "Obesidade"))), "")}
A46: 42 | B46: ='Secret. Escolar'!$B$47 | C46: ='Secret. Escolar'!$C$47 | I46: =IFERROR(G46/(H46*H46), "") | J46: {=IFERROR(IF(I46 < INDEX('Referência'!$B$2:$B$21, MATCH(F46&E46, 'Referência'!$A$2:$A$21, 0)), "Abaixo do peso", IF(I46 < INDEX('Referência'!$C$2:$C$21, MATCH(F46&E46, 'Referência'!$A$2:$A$21, 0)), "Normal", IF(I46 < INDEX('Referência'!$D$2:$D$21, MATCH(F46&E46, 'Referência'!$A$2:$A$21, 0)), "Sobrepeso", "Obesidade"))), "")}
C47: ='Secret. Escolar'!$C$49 | I47: ="Professor(a): "&Capa!G35 -> Professor(a): ITAMAR VIEIRA NUNES
A48: LEGENDA: | C48: ='Secret. Escolar'!$C$50
B49: Abaixo do peso | C49: ='Secret. Escolar'!$C$51 | I49: Diretor:
B50: Normal | C50: ='Secret. Escolar'!$C$52
B51: Sobrepeso | C51: ='Secret. Escolar'!$C$53
B52: Obesidade | C52: ='Secret. Escolar'!$C$54
C53: ='Secret. Escolar'!$C$55 | I53: Coordenador:

Sheet Avaliação 1º Semestre.
A1: ="Componente Curricular: "&Capa!J38&"" -> Componente Curricular: Educaçao Física | D1: ="Ano: "&Capa!F30&" Turma: "&Capa!N30&" Turno: "&Capa!F32&" Ano Letivo: "&Capa!O32&" 1º Semestre"&" " -> Ano: 2° Turma: D Turno: Vespertino Ano Letivo: 2026 1º Semestre
D2: ="Professor(a): "&Capa!G35 -> Professor(a): ITAMAR VIEIRA NUNES
A3: Nº DO ALUNO | B3: Nome dos alunos | C3: AULAS DADAS | D3: AVALIAÇÕES CONTÍNUAS e PROCESSUAIS | L3: TOTAL DE FALTA | M3: % Faltas Semestral
C4: =SUM('Reg. Aulas 1º Bim'!C37,'Reg. Aulas 2º Bim'!C37) -> 20 | D4: VALORES E ATITUDES
C5: Movimentções | D5: Relacionamento | E5: Assiduidade | F5: Pontualidade | G5: Expressividade | H5: Equilibrio | I5: Coordenação | J5: Aula Prática | K5: Aula Teórica
A6: 1 | B6: ='Secret. Escolar'!$B$6 -> Adriana Sofia Gonzalez Torres | C6: ='Secret. Escolar'!$C$6 | L6: =SUM('Frequência 1º Bim'!AI6,'Frequência 2º Bim'!AI6) -> 0 | M6: =IFERROR((C4-L6)*1/C4, "") -> 1
A7: 2 | B7: ='Secret. Escolar'!$B$7 -> Alyson Lucas de Sousa Alencar | C7: ='Secret. Escolar'!$C$7 | L7: =SUM('Frequência 1º Bim'!AI7,'Frequência 2º Bim'!AI7) -> 0 | M7: =IFERROR((C5-L7)*1/C5, "")
A8: 3 | B8: ='Secret. Escolar'!$B$8 -> Ana Clara Silva Zanolim | C8: ='Secret. Escolar'!$C$8 | L8: =SUM('Frequência 1º Bim'!AI8,'Frequência 2º Bim'!AI8) -> 0 | M8: =IFERROR((C6-L8)*1/C6, "")
A9: 4 | B9: ='Secret. Escolar'!$B$9 -> Antônio Alves Pereira de Souza | C9: ='Secret. Escolar'!$C$9 | L9: =SUM('Frequência 1º Bim'!AI9,'Frequência 2º Bim'!AI9) -> 1 | M9: =IFERROR((C7-L9)*1/C7, "")
A10: 5 | B10: ='Secret. Escolar'!$B$10 -> Cecília Resende dos Santos | C10: ='Secret. Escolar'!$C$10 | L10: =SUM('Frequência 1º Bim'!AI10,'Frequência 2º Bim'!AI10) -> 0 | M10: =IFERROR((C8-L10)*1/C8, "")
A11: 6 | B11: ='Secret. Escolar'!$B$11 -> Emanuelly Vale da Silva | C11: ='Secret. Escolar'!$C$11 | L11: =SUM('Frequência 1º Bim'!AI11,'Frequência 2º Bim'!AI11) -> 0 | M11: =IFERROR((C9-L11)*1/C9, "")
A12: 7 | B12: ='Secret. Escolar'!$B$12 -> Glloria Vitorya Moreira do Vale | C12: ='Secret. Escolar'!$C$12 | L12: =SUM('Frequência 1º Bim'!AI12,'Frequência 2º Bim'!AI12) -> 0 | M12: =IFERROR((C10-L12)*1/C10, "")
A13: 8 | B13: ='Secret. Escolar'!$B$13 -> Izabelly Vitória Pereira Muniz | C13: ='Secret. Escolar'!$C$13 | L13: =SUM('Frequência 1º Bim'!AI13,'Frequência 2º Bim'!AI13) -> 1 | M13: =IFERROR((C11-L13)*1/C11, "")
A14: 9 | B14: ='Secret. Escolar'!$B$14 -> Kaleu Carneiro Mesquita Tavares | C14: ='Secret. Escolar'!$C$14 | L14: =SUM('Frequência 1º Bim'!AI14,'Frequência 2º Bim'!AI14) -> 0 | M14: =IFERROR((C12-L14)*1/C12, "")
A15: 10 | B15: ='Secret. Escolar'!$B$15 -> Lelimar Sofia Reyes Febres | C15: ='Secret. Escolar'!$C$15 | L15: =SUM('Frequência 1º Bim'!AI15,'Frequência 2º Bim'!AI15) -> 0 | M15: =IFERROR((C13-L15)*1/C13, "")
A16: 11 | B16: ='Secret. Escolar'!$B$16 -> Luiz Gustavo Rodrigues Carneiro | C16: ='Secret. Escolar'!$C$16 | L16: =SUM('Frequência 1º Bim'!AI16,'Frequência 2º Bim'!AI16) -> 0 | M16: =IFERROR((C14-L16)*1/C14, "")
A17: 12 | B17: ='Secret. Escolar'!$B$17 -> Luiz Otávio Santos de Sousa | C17: ='Secret. Escolar'!$C$17 | L17: =SUM('Frequência 1º Bim'!AI17,'Frequência 2º Bim'!AI17) -> 0 | M17: =IFERROR((C15-L17)*1/C15, "")
A18: 13 | B18: ='Secret. Escolar'!$B$18 -> Maria Valentina de Souza | C18: ='Secret. Escolar'!$C$18 | L18: =SUM('Frequência 1º Bim'!AI18,'Frequência 2º Bim'!AI18) -> 0 | M18: =IFERROR((C16-L18)*1/C16, "")
A19: 14 | B19: ='Secret. Escolar'!$B$19 -> Maysa Barros Caitano dos Santos | C19: ='Secret. Escolar'!$C$19 | L19: =SUM('Frequência 1º Bim'!AI19,'Frequência 2º Bim'!AI19) -> 0 | M19: =IFERROR((C17-L19)*1/C17, "")
A20: 15 | B20: ='Secret. Escolar'!$B$20 -> Melissa Oliveira Magalhães | C20: ='Secret. Escolar'!$C$20 | L20: =SUM('Frequência 1º Bim'!AI20,'Frequência 2º Bim'!AI20) -> 0 | M20: =IFERROR((C18-L20)*1/C18, "")
A21: 16 | B21: ='Secret. Escolar'!$B$21 -> Neilson de Oliveira Carneiro | C21: ='Secret. Escolar'!$C$21 | L21: =SUM('Frequência 1º Bim'!AI21,'Frequência 2º Bim'!AI21) -> 0 | M21: =IFERROR((C19-L21)*1/C19, "")
A22: 17 | B22: ='Secret. Escolar'!$B$22 -> Sarah Gabrielle Coelho Lopes | C22: ='Secret. Escolar'!$C$22 | L22: =SUM('Frequência 1º Bim'!AI22,'Frequência 2º Bim'!AI22) -> 0 | M22: =IFERROR((C20-L22)*1/C20, "")
A23: 18 | B23: ='Secret. Escolar'!$B$23 -> Sophia Pereira de Oliveira | C23: ='Secret. Escolar'!$C$23 | L23: =SUM('Frequência 1º Bim'!AI23,'Frequência 2º Bim'!AI23) -> 0 | M23: =IFERROR((C21-L23)*1/C21, "")
A24: 19 | B24: ='Secret. Escolar'!$B$24 -> Wuilmer Adrian Ramos Salazar | C24: ='Secret. Escolar'!$C$24 | L24: =SUM('Frequência 1º Bim'!AI24,'Frequência 2º Bim'!AI24) -> 0 | M24: =IFERROR((C22-L24)*1/C22, "")
A25: 20 | B25: ='Secret. Escolar'!$B$25 | C25: ='Secret. Escolar'!$C$25 | L25: =SUM('Frequência 1º Bim'!AI25,'Frequência 2º Bim'!AI25) -> 0 | M25: =IFERROR((C23-L25)*1/C23, "")
A26: 21 | B26: ='Secret. Escolar'!$B$26 | C26: ='Secret. Escolar'!$C$26 | L26: =SUM('Frequência 1º Bim'!AI26,'Frequência 2º Bim'!AI26) -> 0 | M26: =IFERROR((C24-L26)*1/C24, "")
A27: 22 | B27: ='Secret. Escolar'!$B$27 | C27: ='Secret. Escolar'!$C$27 | L27: =SUM('Frequência 1º Bim'!AI27,'Frequência 2º Bim'!AI27) -> 0 | M27: =IFERROR((C25-L27)*1/C25, "")
A28: 23 | B28: ='Secret. Escolar'!$B$28 | C28: ='Secret. Escolar'!$C$28 | L28: =SUM('Frequência 1º Bim'!AI28,'Frequência 2º Bim'!AI28) -> 0 | M28: =IFERROR((C26-L28)*1/C26, "")
A29: 24 | B29: ='Secret. Escolar'!$B$29 | C29: ='Secret. Escolar'!$C$29 | L29: =SUM('Frequência 1º Bim'!AI29,'Frequência 2º Bim'!AI29) -> 0 | M29: =IFERROR((C27-L29)*1/C27, "")
A30: 25 | B30: ='Secret. Escolar'!$B$30 | C30: ='Secret. Escolar'!$C$30 | L30: =SUM('Frequência 1º Bim'!AI30,'Frequência 2º Bim'!AI30) -> 0 | M30: =IFERROR((C28-L30)*1/C28, "")
A31: 26 | B31: ='Secret. Escolar'!$B$31 | C31: ='Secret. Escolar'!$C$31 | L31: =SUM('Frequência 1º Bim'!AI31,'Frequência 2º Bim'!AI31) -> 0 | M31: =IFERROR((C29-L31)*1/C29, "")
A32: 27 | B32: ='Secret. Escolar'!$B$32 | C32: ='Secret. Escolar'!$C$32 | L32: =SUM('Frequência 1º Bim'!AI32,'Frequência 2º Bim'!AI32) -> 0 | M32: =IFERROR((C30-L32)*1/C30, "")
A33: 28 | B33: ='Secret. Escolar'!$B$33 | C33: ='Secret. Escolar'!$C$33 | L33: =SUM('Frequência 1º Bim'!AI33,'Frequência 2º Bim'!AI33) -> 0 | M33: =IFERROR((C31-L33)*1/C31, "")
A34: 29 | B34: ='Secret. Escolar'!$B$34 | C34: ='Secret. Escolar'!$C$34 | L34: =SUM('Frequência 1º Bim'!AI34,'Frequência 2º Bim'!AI34) -> 0 | M34: =IFERROR((C32-L34)*1/C32, "")
A35: 30 | B35: ='Secret. Escolar'!$B$35 | C35: ='Secret. Escolar'!$C$35 | L35: =SUM('Frequência 1º Bim'!AI35,'Frequência 2º Bim'!AI35) -> 0 | M35: =IFERROR((C33-L35)*1/C33, "")
A36: 31 | B36: ='Secret. Escolar'!$B$36 | C36: ='Secret. Escolar'!$C$36 | L36: =SUM('Frequência 1º Bim'!AI36,'Frequência 2º Bim'!AI36) -> 0 | M36: =IFERROR((C34-L36)*1/C34, "")
A37: 32 | B37: ='Secret. Escolar'!$B$37 | C37: ='Secret. Escolar'!$C$37 | L37: =SUM('Frequência 1º Bim'!AI37,'Frequência 2º Bim'!AI37) -> 0 | M37: =IFERROR((C35-L37)*1/C35, "")
A38: 33 | B38: ='Secret. Escolar'!$B$38 | C38: ='Secret. Escolar'!$C$38 | L38: =SUM('Frequência 1º Bim'!AI38,'Frequência 2º Bim'!AI38) -> 0 | M38: =IFERROR((C36-L38)*1/C36, "")
A39: 34 | B39: ='Secret. Escolar'!$B$39 | C39: ='Secret. Escolar'!$C$39 | L39: =SUM('Frequência 1º Bim'!AI39,'Frequência 2º Bim'!AI39) -> 0 | M39: =IFERROR((C37-L39)*1/C37, "")
A40: 35 | B40: ='Secret. Escolar'!$B$40 | C40: ='Secret. Escolar'!$C$40 | L40: =SUM('Frequência 1º Bim'!AI40,'Frequência 2º Bim'!AI40) -> 0 | M40: =IFERROR((C38-L40)*1/C38, "")
A41: 36 | B41: ='Secret. Escolar'!$B$41 | C41: ='Secret. Escolar'!$C$41 | L41: =SUM('Frequência 1º Bim'!AI41,'Frequência 2º Bim'!AI41) -> 0 | M41: =IFERROR((C39-L41)*1/C39, "")
A42: 37 | B42: ='Secret. Escolar'!$B$42 | C42: ='Secret. Escolar'!$C$42 | L42: =SUM('Frequência 1º Bim'!AI42,'Frequência 2º Bim'!AI42) -> 0 | M42: =IFERROR((C40-L42)*1/C40, "")
A43: 38 | B43: ='Secret. Escolar'!$B$43 | C43: ='Secret. Escolar'!$C$43 | L43: =SUM('Frequência 1º Bim'!AI43,'Frequência 2º Bim'!AI43) -> 0 | M43: =IFERROR((C41-L43)*1/C41, "")
A44: 39 | B44: ='Secret. Escolar'!$B$44 | C44: ='Secret. Escolar'!$C$44 | L44: =SUM('Frequência 1º Bim'!AI44,'Frequência 2º Bim'!AI44) -> 0 | M44: =IFERROR((C42-L44)*1/C42, "")
A45: 40 | B45: ='Secret. Escolar'!$B$45 | C45: ='Secret. Escolar'!$C$45 | L45: =SUM('Frequência 1º Bim'!AI45,'Frequência 2º Bim'!AI45) -> 0 | M45: =IFERROR((C43-L45)*1/C43, "")
A46: 41 | B46: ='Secret. Escolar'!$B$46 | C46: ='Secret. Escolar'!$C$46 | L46: =SUM('Frequência 1º Bim'!AI46,'Frequência 2º Bim'!AI46) -> 0 | M46: =IFERROR((C44-L46)*1/C44, "")
A47: 42 | B47: ='Secret. Escolar'!$B$47 | C47: ='Secret. Escolar'!$C$47 | L47: =SUM('Frequência 1º Bim'!AI47,'Frequência 2º Bim'!AI47) -> 0 | M47: =IFERROR((C45-L47)*1/C45, "")
A48: 43 | B48: ='Secret. Escolar'!$B$48 | C48: ='Secret. Escolar'!$C$48 | L48: =SUM('Frequência 1º Bim'!AI48,'Frequência 2º Bim'!AI48) -> 0 | M48: =IFERROR((C46-L48)*1/C46, "")
A49: 44 | B49: ='Secret. Escolar'!$B$49 | C49: ='Secret. Escolar'!$C$49 | L49: =SUM('Frequência 1º Bim'!AI49,'Frequência 2º Bim'!AI49) -> 0 | M49: =IFERROR((C47-L49)*1/C47, "")
A50: 45 | B50: ='Secret. Escolar'!$B$50 | C50: ='Secret. Escolar'!$C$50 | L50: =SUM('Frequência 1º Bim'!AI50,'Frequência 2º Bim'!AI50) -> 0 | M50: =IFERROR((C48-L50)*1/C48, "")
A51: 46 | B51: ='Secret. Escolar'!$B$51 | C51: ='Secret. Escolar'!$C$51 | L51: =SUM('Frequência 1º Bim'!AI51,'Frequência 2º Bim'!AI51) -> 0 | M51: =IFERROR((C49-L51)*1/C49, "")
A52: 47 | B52: ='Secret. Escolar'!$B$52 | C52: ='Secret. Escolar'!$C$52 | L52: =SUM('Frequência 1º Bim'!AI52,'Frequência 2º Bim'!AI52) -> 0 | M52: =IFERROR((C50-L52)*1/C50, "")
A53: 48 | B53: ='Secret. Escolar'!$B$53 | C53: ='Secret. Escolar'!$C$53 | L53: =SUM('Frequência 1º Bim'!AI53,'Frequência 2º Bim'!AI53) -> 0 | M53: =IFERROR((C51-L53)*1/C51, "")
A54: 49 | B54: ='Secret. Escolar'!$B$54 | C54: ='Secret. Escolar'!$C$54 | L54: =SUM('Frequência 1º Bim'!AI54,'Frequência 2º Bim'!AI54) -> 0 | M54: =IFERROR((C52-L54)*1/C52, "")
A55: 50 | B55: ='Secret. Escolar'!$B$55 | C55: ='Secret. Escolar'!$C$55 | L55: =SUM('Frequência 1º Bim'!AI55,'Frequência 2º Bim'!AI55) -> 0 | M55: =IFERROR((C53-L55)*1/C53, "")
A56: Conc. avaliativos | B56: LEGENDA DE CONCEITOS AVALIATIVOS | C56: 1. REGULAR | D56: 2. BOM | E56: 3. MUITO BOM | F56: 4. ÓTIMO | G56: Quadro de encerramento bimestral
G57: Encerramento ____________
G59: ="Professor(a): "&Capa!G35 -> Professor(a): ITAMAR VIEIRA NUNES
G61: Ass. e Carimbo da Autoridade Escolar
G62: Data:___________________

Sheet Frequência 3º Bim
A1: ="Componente Curricular: "&Capa!J38&"" -> Componente Curricular: Educaçao Física | D1: ="Ano: "&Capa!F30&" Turma: "&Capa!N30&" Turno: "&Capa!F32&" Ano Letivo: "&Capa!O32&" 3º Bimestre"&" Professor(a): "&Capa!G35 -> Ano: 2° Turma: D Turno: Vespertino Ano Letivo: 2026 3º Bimestre Professor(a): ITAMAR VIEIRA NUNES
A3: Nº ALUNO | B3: ="Aulas Dadas: "&COUNTA(E5:AH5) -> Aulas Dadas: 0 | C3: Movimentções | D3: Registro de Frequência
D4: AULAS DADAS | E4: 1 | F4: 2 | G4: 3 | H4: 4 | I4: 5 | J4: 6 | K4: 7 | L4: 8 | M4: 9 | N4: 10 | O4: 11 | P4: 12 | Q4: 13 | R4: 14 | S4: 15 | T4: 16 | U4: 17 | V4: 18 | W4: 19 | X4: 20 | Y4: 21 | Z4: 22 | AA4: 23 | AB4: 24 | AC4: 25 | AD4: 26 | AE4: 27 | AF4: 28 | AG4: 29 | AH4: 30 | AI4: Total de falta
B5: Nome dos alunos
A6: 1 | B6: ='Secret. Escolar'!$B$6 -> Adriana Sofia Gonzalez Torres | C6: ='Secret. Escolar'!$C$6 | D6: 1 | AI6: =COUNTIF(E6:AH6,"f") -> 0
A7: 2 | B7: ='Secret. Escolar'!$B$7 -> Alyson Lucas de Sousa Alencar | C7: ='Secret. Escolar'!$C$7 | D7: 2 | AI7: =COUNTIF(E7:AH7,"f") -> 0
A8: 3 | B8: ='Secret. Escolar'!$B$8 -> Ana Clara Silva Zanolim | C8: ='Secret. Escolar'!$C$8 | D8: 3 | AI8: =COUNTIF(E8:AH8,"f") -> 0
A9: 4 | B9: ='Secret. Escolar'!$B$9 -> Antônio Alves Pereira de Souza | C9: ='Secret. Escolar'!$C$9 | D9: 4 | AI9: =COUNTIF(E9:AH9,"f") -> 0
A10: 5 | B10: ='Secret. Escolar'!$B$10 -> Cecília Resende dos Santos | C10: ='Secret. Escolar'!$C$10 | D10: 5 | AI10: =COUNTIF(E10:AH10,"f") -> 0
A11: 6 | B11: ='Secret. Escolar'!$B$11 -> Emanuelly Vale da Silva | C11: ='Secret. Escolar'!$C$11 | D11: 6 | AI11: =COUNTIF(E11:AH11,"f") -> 0
A12: 7 | B12: ='Secret. Escolar'!$B$12 -> Glloria Vitorya Moreira do Vale | C12: ='Secret. Escolar'!$C$12 | D12: 7 | AI12: =COUNTIF(E12:AH12,"f") -> 0
A13: 8 | B13: ='Secret. Escolar'!$B$13 -> Izabelly Vitória Pereira Muniz | C13: ='Secret. Escolar'!$C$13 | D13: 8 | AI13: =COUNTIF(E13:AH13,"f") -> 0
A14: 9 | B14: ='Secret. Escolar'!$B$14 -> Kaleu Carneiro Mesquita Tavares | C14: ='Secret. Escolar'!$C$14 | D14: 9 | AI14: =COUNTIF(E14:AH14,"f") -> 0
A15: 10 | B15: ='Secret. Escolar'!$B$15 -> Lelimar Sofia Reyes Febres | C15: ='Secret. Escolar'!$C$15 | D15: 10 | AI15: =COUNTIF(E15:AH15,"f") -> 0
A16: 11 | B16: ='Secret. Escolar'!$B$16 -> Luiz Gustavo Rodrigues Carneiro | C16: ='Secret. Escolar'!$C$16 | D16: 11 | AI16: =COUNTIF(E16:AH16,"f") -> 0
A17: 12 | B17: ='Secret. Escolar'!$B$17 -> Luiz Otávio Santos de Sousa | C17: ='Secret. Escolar'!$C$17 | D17: 12 | AI17: =COUNTIF(E17:AH17,"f") -> 0
A18: 13 | B18: ='Secret. Escolar'!$B$18 -> Maria Valentina de Souza | C18: ='Secret. Escolar'!$C$18 | D18: 13 | AI18: =COUNTIF(E18:AH18,"f") -> 0
A19: 14 | B19: ='Secret. Escolar'!$B$19 -> Maysa Barros Caitano dos Santos | C19: ='Secret. Escolar'!$C$19 | D19: 14 | AI19: =COUNTIF(E19:AH19,"f") -> 0
A20: 15 | B20: ='Secret. Escolar'!$B$20 -> Melissa Oliveira Magalhães | C20: ='Secret. Escolar'!$C$20 | D20: 15 | AI20: =COUNTIF(E20:AH20,"f") -> 0
A21: 16 | B21: ='Secret. Escolar'!$B$21 -> Neilson de Oliveira Carneiro | C21: ='Secret. Escolar'!$C$21 | D21: 16 | AI21: =COUNTIF(E21:AH21,"f") -> 0
A22: 17 | B22: ='Secret. Escolar'!$B$22 -> Sarah Gabrielle Coelho Lopes | C22: ='Secret. Escolar'!$C$22 | D22: 17 | AI22: =COUNTIF(E22:AH22,"f") -> 0
A23: 18 | B23: ='Secret. Escolar'!$B$23 -> Sophia Pereira de Oliveira | C23: ='Secret. Escolar'!$C$23 | D23: 18 | AI23: =COUNTIF(E23:AH23,"f") -> 0
A24: 19 | B24: ='Secret. Escolar'!$B$24 -> Wuilmer Adrian Ramos Salazar | C24: ='Secret. Escolar'!$C$24 | D24: 19 | AI24: =COUNTIF(E24:AH24,"f") -> 0
A25: 20 | B25: ='Secret. Escolar'!$B$25 | C25: ='Secret. Escolar'!$C$25 | D25: 20 | AI25: =COUNTIF(E25:AH25,"f") -> 0
A26: 21 | B26: ='Secret. Escolar'!$B$26 | C26: ='Secret. Escolar'!$C$26 | D26: 21 | AI26: =COUNTIF(E26:AH26,"f") -> 0
A27: 22 | B27: ='Secret. Escolar'!$B$27 | C27: ='Secret. Escolar'!$C$27 | D27: 22 | AI27: =COUNTIF(E27:AH27,"f") -> 0
A28: 23 | B28: ='Secret. Escolar'!$B$28 | C28: ='Secret. Escolar'!$C$28 | D28: 23 | AI28: =COUNTIF(E28:AH28,"f") -> 0
A29: 24 | B29: ='Secret. Escolar'!$B$29 | C29: ='Secret. Escolar'!$C$29 | D29: 24 | AI29: =COUNTIF(E29:AH29,"f") -> 0
A30: 25 | B30: ='Secret. Escolar'!$B$30 | C30: ='Secret. Escolar'!$C$30 | D30: 25 | AI30: =COUNTIF(E30:AH30,"f") -> 0
A31: 26 | B31: ='Secret. Escolar'!$B$31 | C31: ='Secret. Escolar'!$C$31 | D31: 26 | AI31: =COUNTIF(E31:AH31,"f") -> 0
A32: 27 | B32: ='Secret. Escolar'!$B$32 | C32: ='Secret. Escolar'!$C$32 | D32: 27 | AI32: =COUNTIF(E32:AH32,"f") -> 0
A33: 28 | B33: ='Secret. Escolar'!$B$33 | C33: ='Secret. Escolar'!$C$33 | D33: 28 | AI33: =COUNTIF(E33:AH33,"f") -> 0
A34: 29 | B34: ='Secret. Escolar'!$B$34 | C34: ='Secret. Escolar'!$C$34 | D34: 29 | AI34: =COUNTIF(E34:AH34,"f") -> 0
A35: 30 | B35: ='Secret. Escolar'!$B$35 | C35: ='Secret. Escolar'!$C$35 | D35: 30 | AI35: =COUNTIF(E35:AH35,"f") -> 0
A36: 31 | B36: ='Secret. Escolar'!$B$36 | C36: ='Secret. Escolar'!$C$36 | D36: 31 | AI36: =COUNTIF(E36:AH36,"f") -> 0
A37: 32 | B37: ='Secret. Escolar'!$B$37 | C37: ='Secret. Escolar'!$C$37 | D37: 32 | AI37: =COUNTIF(E37:AH37,"f") -> 0
A38: 33 | B38: ='Secret. Escolar'!$B$38 | C38: ='Secret. Escolar'!$C$38 | D38: 33 | AI38: =COUNTIF(E38:AH38,"f") -> 0
A39: 34 | B39: ='Secret. Escolar'!$B$39 | C39: ='Secret. Escolar'!$C$39 | D39: 34 | AI39: =COUNTIF(E39:AH39,"f") -> 0
A40: 35 | B40: ='Secret. Escolar'!$B$40 | C40: ='Secret. Escolar'!$C$40 | D40: 35 | AI40: =COUNTIF(E40:AH40,"f") -> 0
A41: 36 | B41: ='Secret. Escolar'!$B$41 | C41: ='Secret. Escolar'!$C$41 | D41: 36 | AI41: =COUNTIF(E41:AH41,"f") -> 0
A42: 37 | B42: ='Secret. Escolar'!$B$42 | C42: ='Secret. Escolar'!$C$42 | D42: 37 | AI42: =COUNTIF(E42:AH42,"f") -> 0
A43: 38 | B43: ='Secret. Escolar'!$B$43 | C43: ='Secret. Escolar'!$C$43 | D43: 38 | AI43: =COUNTIF(E43:AH43,"f") -> 0
A44: 39 | B44: ='Secret. Escolar'!$B$44 | C44: ='Secret. Escolar'!$C$44 | D44: 39 | AI44: =COUNTIF(E44:AH44,"f") -> 0
A45: 40 | B45: ='Secret. Escolar'!$B$45 | C45: ='Secret. Escolar'!$C$45 | D45: 40 | AI45: =COUNTIF(E45:AH45,"f") -> 0
A46: 41 | B46: ='Secret. Escolar'!$B$46 | C46: ='Secret. Escolar'!$C$46 | D46: 41 | AI46: =COUNTIF(E46:AH46,"f") -> 0
A47: 42 | B47: ='Secret. Escolar'!$B$47 | C47: ='Secret. Escolar'!$C$47 | D47: 42 | AI47: =COUNTIF(E47:AH47,"f") -> 0
A48: 43 | B48: ='Secret. Escolar'!$B$48 | C48: ='Secret. Escolar'!$C$48 | D48: 43 | AI48: =COUNTIF(E48:AH48,"f") -> 0
A49: 44 | B49: ='Secret. Escolar'!$B$49 | C49: ='Secret. Escolar'!$C$49 | D49: 44 | AI49: =COUNTIF(E49:AH49,"f") -> 0
A50: 45 | B50: ='Secret. Escolar'!$B$50 | C50: ='Secret. Escolar'!$C$50 | D50: 45 | AI50: =COUNTIF(E50:AH50,"f") -> 0
A51: 46 | B51: ='Secret. Escolar'!$B$51 | C51: ='Secret. Escolar'!$C$51 | D51: 46 | AI51: =COUNTIF(E51:AH51,"f") -> 0
A52: 47 | B52: ='Secret. Escolar'!$B$52 | C52: ='Secret. Escolar'!$C$52 | D52: 47 | AI52: =COUNTIF(E52:AH52,"f") -> 0
A53: 48 | B53: ='Secret. Escolar'!$B$53 | C53: ='Secret. Escolar'!$C$53 | D53: 48 | AI53: =COUNTIF(E53:AH53,"f") -> 0
A54: 49 | B54: ='Secret. Escolar'!$B$54 | C54: ='Secret. Escolar'!$C$54 | D54: 49 | AI54: =COUNTIF(E54:AH54,"f") -> 0
A55: 50 | B55: ='Secret. Escolar'!$B$55 | C55: ='Secret. Escolar'!$C$55 | D55: 50 | AI55: =COUNTIF(E55:AH55,"f") -> 0

Sheet Reg. Aulas 3º Bim
A1: AULAS DADAS | B1: ='Frequência 3º Bim'!F3 | C1: UNIDADE TEMÁTICA | D1: Resumo dos objetos de conhecimentos e metodologias trabalhados
A2: 1 | B2: ='Frequência 3º Bim'!E5
A3: 2 | B3: ='Frequência 3º Bim'!F5
A4: 3 | B4: ='Frequência 3º Bim'!G5
A5: 4 | B5: ='Frequência 3º Bim'!H5
A6: 5 | B6: ='Frequência 3º Bim'!I5
A7: 6 | B7: ='Frequência 3º Bim'!J5
A8: 7 | B8: ='Frequência 3º Bim'!K5
A9: 8 | B9: ='Frequência 3º Bim'!L5
A10: 9 | B10: ='Frequência 3º Bim'!M5
A11: 10 | B11: ='Frequência 3º Bim'!N5
A12: 11 | B12: ='Frequência 3º Bim'!O5
A13: 12 | B13: ='Frequência 3º Bim'!P5
A14: 13 | B14: ='Frequência 3º Bim'!Q5
A15: 14 | B15: ='Frequência 3º Bim'!R5
A16: 15 | B16: ='Frequência 3º Bim'!S5
A17: 16 | B17: ='Frequência 3º Bim'!T5
A18: 17 | B18: ='Frequência 3º Bim'!U5
A19: 18 | B19: ='Frequência 3º Bim'!V5
A20: 19 | B20: ='Frequência 3º Bim'!W5
A21: 20 | B21: ='Frequência 3º Bim'!X5
A22: 21 | B22: ='Frequência 3º Bim'!Y5
A23: 22 | B23: ='Frequência 3º Bim'!Z5
A24: 23 | B24: ='Frequência 3º Bim'!AA5
A25: 24 | B25: ='Frequência 3º Bim'!AB5
A26: 25 | B26: ='Frequência 3º Bim'!AC5
A27: 26 | B27: ='Frequência 3º Bim'!AD5
A28: 27 | B28: ='Frequência 3º Bim'!AE5
A29: 28 | B29: ='Frequência 3º Bim'!AF5
A30: 29 | B30: ='Frequência 3º Bim'!AG5
A31: 30 | B31: ='Frequência 3º Bim'!AH5
A32: Quadro de encerramento do Bimestre
A33: Aulas Previstas | C33: 20
D34: Assinatura do Professor (a)
D35: ="Professor(a): "&Capa!G35 -> Professor(a): ITAMAR VIEIRA NUNES
D36: Data ___/_____/_____
A37: Aulas Dadas | C37: =COUNTA('Frequência 3º Bim'!E5:AH5) -> 0
D38: Carimbo e visto da Autoridade Escolar Encerrado em _______________________

Sheet OBS 3º Bim.
A1: ="Componente Curricular: "&Capa!J38&"" -> Componente Curricular: Educaçao Física | D1: ="Ano: "&Capa!F30&" Turma: "&Capa!N30&" Turno: "&Capa!F32&" Ano Letivo: "&Capa!O32&" 3º Bimestre"&" Professor(a): "&Capa!G35 -> Ano: 2° Turma: D Turno: Vespertino Ano Letivo: 2026 3º Bimestre Professor(a): ITAMAR VIEIRA NUNES
A3: Nº ALUNO | B3: ="Aulas Dadas: "&COUNTA('Frequência 3º Bim'!$E$5:$AH$5) -> Aulas Dadas: 0 | C3: Movimentções | D3: OBSERVAÇÕES DAS FREQUÊNCIAS | E3: OBSERVAÇÕES DOS REGISTROS
B5: Nome dos alunos
A6: 1 | B6: ='Secret. Escolar'!$B$6 -> Adriana Sofia Gonzalez Torres | C6: ='Secret. Escolar'!$C$6
A7: 2 | B7: ='Secret. Escolar'!$B$7 -> Alyson Lucas de Sousa Alencar | C7: ='Secret. Escolar'!$C$7
A8: 3 | B8: ='Secret. Escolar'!$B$8 -> Ana Clara Silva Zanolim | C8: ='Secret. Escolar'!$C$8
A9: 4 | B9: ='Secret. Escolar'!$B$9 -> Antônio Alves Pereira de Souza | C9: ='Secret. Escolar'!$C$9
A10: 5 | B10: ='Secret. Escolar'!$B$10 -> Cecília Resende dos Santos | C10: ='Secret. Escolar'!$C$10
A11: 6 | B11: ='Secret. Escolar'!$B$11 -> Emanuelly Vale da Silva | C11: ='Secret. Escolar'!$C$11
A12: 7 | B12: ='Secret. Escolar'!$B$12 -> Glloria Vitorya Moreira do Vale | C12: ='Secret. Escolar'!$C$12
A13: 8 | B13: ='Secret. Escolar'!$B$13 -> Izabelly Vitória Pereira Muniz | C13: ='Secret. Escolar'!$C$13
A14: 9 | B14: ='Secret. Escolar'!$B$14 -> Kaleu Carneiro Mesquita Tavares | C14: ='Secret. Escolar'!$C$14
A15: 10 | B15: ='Secret. Escolar'!$B$15 -> Lelimar Sofia Reyes Febres | C15: ='Secret. Escolar'!$C$15
A16: 11 | B16: ='Secret. Escolar'!$B$16 -> Luiz Gustavo Rodrigues Carneiro | C16: ='Secret. Escolar'!$C$16
A17: 12 | B17: ='Secret. Escolar'!$B$17 -> Luiz Otávio Santos de Sousa | C17: ='Secret. Escolar'!$C$17
A18: 13 | B18: ='Secret. Escolar'!$B$18 -> Maria Valentina de Souza | C18: ='Secret. Escolar'!$C$18
A19: 14 | B19: ='Secret. Escolar'!$B$19 -> Maysa Barros Caitano dos Santos | C19: ='Secret. Escolar'!$C$19
A20: 15 | B20: ='Secret. Escolar'!$B$20 -> Melissa Oliveira Magalhães | C20: ='Secret. Escolar'!$C$20
A21: 16 | B21: ='Secret. Escolar'!$B$21 -> Neilson de Oliveira Carneiro | C21: ='Secret. Escolar'!$C$21
A22: 17 | B22: ='Secret. Escolar'!$B$22 -> Sarah Gabrielle Coelho Lopes | C22: ='Secret. Escolar'!$C$22
A23: 18 | B23: ='Secret. Escolar'!$B$23 -> Sophia Pereira de Oliveira | C23: ='Secret. Escolar'!$C$23
A24: 19 | B24: ='Secret. Escolar'!$B$24 -> Wuilmer Adrian Ramos Salazar | C24: ='Secret. Escolar'!$C$24
A25: 20 | B25: ='Secret. Escolar'!$B$25 | C25: ='Secret. Escolar'!$C$25
A26: 21 | B26: ='Secret. Escolar'!$B$26 | C26: ='Secret. Escolar'!$C$26
A27: 22 | B27: ='Secret. Escolar'!$B$27 | C27: ='Secret. Escolar'!$C$27
A28: 23 | B28: ='Secret. Escolar'!$B$28 | C28: ='Secret. Escolar'!$C$28
A29: 24 | B29: ='Secret. Escolar'!$B$29 | C29: ='Secret. Escolar'!$C$29
A30: 25 | B30: ='Secret. Escolar'!$B$30 | C30: ='Secret. Escolar'!$C$30
A31: 26 | B31: ='Secret. Escolar'!$B$31 | C31: ='Secret. Escolar'!$C$31
A32: 27 | B32: ='Secret. Escolar'!$B$32 | C32: ='Secret. Escolar'!$C$32
A33: 28 | B33: ='Secret. Escolar'!$B$33 | C33: ='Secret. Escolar'!$C$33
A34: 29 | B34: ='Secret. Escolar'!$B$34 | C34: ='Secret. Escolar'!$C$34
A35: 30 | B35: ='Secret. Escolar'!$B$35 | C35: ='Secret. Escolar'!$C$35
A36: 31 | B36: ='Secret. Escolar'!$B$36 | C36: ='Secret. Escolar'!$C$36
A37: 32 | B37: ='Secret. Escolar'!$B$37 | C37: ='Secret. Escolar'!$C$37
A38: 33 | B38: ='Secret. Escolar'!$B$38 | C38: ='Secret. Escolar'!$C$38
A39: 34 | B39: ='Secret. Escolar'!$B$39 | C39: ='Secret. Escolar'!$C$39
A40: 35 | B40: ='Secret. Escolar'!$B$40 | C40: ='Secret. Escolar'!$C$40
A41: 36 | B41: ='Secret. Escolar'!$B$41 | C41: ='Secret. Escolar'!$C$41
A42: 37 | B42: ='Secret. Escolar'!$B$42 | C42: ='Secret. Escolar'!$C$42
A43: 38 | B43: ='Secret. Escolar'!$B$43 | C43: ='Secret. Escolar'!$C$43
A44: 39 | B44: ='Secret. Escolar'!$B$44 | C44: ='Secret. Escolar'!$C$44
A45: 40 | B45: ='Secret. Escolar'!$B$45 | C45: ='Secret. Escolar'!$C$45
A46: 41 | B46: ='Secret. Escolar'!$B$46 | C46: ='Secret. Escolar'!$C$46
A47: 42 | B47: ='Secret. Escolar'!$B$47 | C47: ='Secret. Escolar'!$C$47
A48: 43 | B48: ='Secret. Escolar'!$B$48 | C48: ='Secret. Escolar'!$C$48
A49: 44 | B49: ='Secret. Escolar'!$B$49 | C49: ='Secret. Escolar'!$C$49
A50: 45 | B50: ='Secret. Escolar'!$B$50 | C50: ='Secret. Escolar'!$C$50
A51: 46 | B51: ='Secret. Escolar'!$B$51 | C51: ='Secret. Escolar'!$C$51
A52: 47 | B52: ='Secret. Escolar'!$B$52 | C52: ='Secret. Escolar'!$C$52
A53: 48 | B53: ='Secret. Escolar'!$B$53 | C53: ='Secret. Escolar'!$C$53
A54: 49 | B54: ='Secret. Escolar'!$B$54 | C54: ='Secret. Escolar'!$C$54
A55: 50 | B55: ='Secret. Escolar'!$B$55 | C55: ='Secret. Escolar'!$C$55
B58: ="Professor(a): "&Capa!G35 -> Professor(a): ITAMAR VIEIRA NUNES | D58: Ass. e carimbo da autoridade escolar
D59: Data ____/____/____

Sheet Frequência 4º Bim
A1: ="Componente Curricular: "&Capa!J38&"" -> Componente Curricular: Educaçao Física | D1: ="Ano: "&Capa!F30&" Turma: "&Capa!N30&" Turno: "&Capa!F32&" Ano Letivo: "&Capa!O32&" 4º Bimestre"&" Professor(a): "&Capa!G35 -> Ano: 2° Turma: D Turno: Vespertino Ano Letivo: 2026 4º Bimestre Professor(a): ITAMAR VIEIRA NUNES
A3: Nº ALUNO | B3: ="Aulas Dadas: "&COUNTA(E5:AH5) -> Aulas Dadas: 0 | C3: Movimentções | D3: Registro de Frequência
D4: AULAS DADAS | E4: 1 | F4: 2 | G4: 3 | H4: 4 | I4: 5 | J4: 6 | K4: 7 | L4: 8 | M4: 9 | N4: 10 | O4: 11 | P4: 12 | Q4: 13 | R4: 14 | S4: 15 | T4: 16 | U4: 17 | V4: 18 | W4: 19 | X4: 20 | Y4: 21 | Z4: 22 | AA4: 23 | AB4: 24 | AC4: 25 | AD4: 26 | AE4: 27 | AF4: 28 | AG4: 29 | AH4: 30 | AI4: Total de falta
B5: Nome dos alunos
A6: 1 | B6: ='Secret. Escolar'!$B$6 -> Adriana Sofia Gonzalez Torres | C6: ='Secret. Escolar'!$C$6 | D6: 1 | AI6: =COUNTIF(E6:AH6,"f") -> 0
A7: 2 | B7: ='Secret. Escolar'!$B$7 -> Alyson Lucas de Sousa Alencar | C7: ='Secret. Escolar'!$C$7 | D7: 2 | AI7: =COUNTIF(E7:AH7,"f") -> 0
A8: 3 | B8: ='Secret. Escolar'!$B$8 -> Ana Clara Silva Zanolim | C8: ='Secret. Escolar'!$C$8 | D8: 3 | AI8: =COUNTIF(E8:AH8,"f") -> 0
A9: 4 | B9: ='Secret. Escolar'!$B$9 -> Antônio Alves Pereira de Souza | C9: ='Secret. Escolar'!$C$9 | D9: 4 | AI9: =COUNTIF(E9:AH9,"f") -> 0
A10: 5 | B10: ='Secret. Escolar'!$B$10 -> Cecília Resende dos Santos | C10: ='Secret. Escolar'!$C$10 | D10: 5 | AI10: =COUNTIF(E10:AH10,"f") -> 0
A11: 6 | B11: ='Secret. Escolar'!$B$11 -> Emanuelly Vale da Silva | C11: ='Secret. Escolar'!$C$11 | D11: 6 | AI11: =COUNTIF(E11:AH11,"f") -> 0
A12: 7 | B12: ='Secret. Escolar'!$B$12 -> Glloria Vitorya Moreira do Vale | C12: ='Secret. Escolar'!$C$12 | D12: 7 | AI12: =COUNTIF(E12:AH12,"f") -> 0
A13: 8 | B13: ='Secret. Escolar'!$B$13 -> Izabelly Vitória Pereira Muniz | C13: ='Secret. Escolar'!$C$13 | D13: 8 | AI13: =COUNTIF(E13:AH13,"f") -> 0
A14: 9 | B14: ='Secret. Escolar'!$B$14 -> Kaleu Carneiro Mesquita Tavares | C14: ='Secret. Escolar'!$C$14 | D14: 9 | AI14: =COUNTIF(E14:AH14,"f") -> 0
A15: 10 | B15: ='Secret. Escolar'!$B$15 -> Lelimar Sofia Reyes Febres | C15: ='Secret. Escolar'!$C$15 | D15: 10 | AI15: =COUNTIF(E15:AH15,"f") -> 0
A16: 11 | B16: ='Secret. Escolar'!$B$16 -> Luiz Gustavo Rodrigues Carneiro | C16: ='Secret. Escolar'!$C$16 | D16: 11 | AI16: =COUNTIF(E16:AH16,"f") -> 0
A17: 12 | B17: ='Secret. Escolar'!$B$17 -> Luiz Otávio Santos de Sousa | C17: ='Secret. Escolar'!$C$17 | D17: 12 | AI17: =COUNTIF(E17:AH17,"f") -> 0
A18: 13 | B18: ='Secret. Escolar'!$B$18 -> Maria Valentina de Souza | C18: ='Secret. Escolar'!$C$18 | D18: 13 | AI18: =COUNTIF(E18:AH18,"f") -> 0
A19: 14 | B19: ='Secret. Escolar'!$B$19 -> Maysa Barros Caitano dos Santos | C19: ='Secret. Escolar'!$C$19 | D19: 14 | AI19: =COUNTIF(E19:AH19,"f") -> 0
A20: 15 | B20: ='Secret. Escolar'!$B$20 -> Melissa Oliveira Magalhães | C20: ='Secret. Escolar'!$C$20 | D20: 15 | AI20: =COUNTIF(E20:AH20,"f") -> 0
A21: 16 | B21: ='Secret. Escolar'!$B$21 -> Neilson de Oliveira Carneiro | C21: ='Secret. Escolar'!$C$21 | D21: 16 | AI21: =COUNTIF(E21:AH21,"f") -> 0
A22: 17 | B22: ='Secret. Escolar'!$B$22 -> Sarah Gabrielle Coelho Lopes | C22: ='Secret. Escolar'!$C$22 | D22: 17 | AI22: =COUNTIF(E22:AH22,"f") -> 0
A23: 18 | B23: ='Secret. Escolar'!$B$23 -> Sophia Pereira de Oliveira | C23: ='Secret. Escolar'!$C$23 | D23: 18 | AI23: =COUNTIF(E23:AH23,"f") -> 0
A24: 19 | B24: ='Secret. Escolar'!$B$24 -> Wuilmer Adrian Ramos Salazar | C24: ='Secret. Escolar'!$C$24 | D24: 19 | AI24: =COUNTIF(E24:AH24,"f") -> 0
A25: 20 | B25: ='Secret. Escolar'!$B$25 | C25: ='Secret. Escolar'!$C$25 | D25: 20 | AI25: =COUNTIF(E25:AH25,"f") -> 0
A26: 21 | B26: ='Secret. Escolar'!$B$26 | C26: ='Secret. Escolar'!$C$26 | D26: 21 | AI26: =COUNTIF(E26:AH26,"f") -> 0
A27: 22 | B27: ='Secret. Escolar'!$B$27 | C27: ='Secret. Escolar'!$C$27 | D27: 22 | AI27: =COUNTIF(E27:AH27,"f") -> 0
A28: 23 | B28: ='Secret. Escolar'!$B$28 | C28: ='Secret. Escolar'!$C$28 | D28: 23 | AI28: =COUNTIF(E28:AH28,"f") -> 0
A29: 24 | B29: ='Secret. Escolar'!$B$29 | C29: ='Secret. Escolar'!$C$29 | D29: 24 | AI29: =COUNTIF(E29:AH29,"f") -> 0
A30: 25 | B30: ='Secret. Escolar'!$B$30 | C30: ='Secret. Escolar'!$C$30 | D30: 25 | AI30: =COUNTIF(E30:AH30,"f") -> 0
A31: 26 | B31: ='Secret. Escolar'!$B$31 | C31: ='Secret. Escolar'!$C$31 | D31: 26 | AI31: =COUNTIF(E31:AH31,"f") -> 0
A32: 27 | B32: ='Secret. Escolar'!$B$32 | C32: ='Secret. Escolar'!$C$32 | D32: 27 | AI32: =COUNTIF(E32:AH32,"f") -> 0
A33: 28 | B33: ='Secret. Escolar'!$B$33 | C33: ='Secret. Escolar'!$C$33 | D33: 28 | AI33: =COUNTIF(E33:AH33,"f") -> 0
A34: 29 | B34: ='Secret. Escolar'!$B$34 | C34: ='Secret. Escolar'!$C$34 | D34: 29 | AI34: =COUNTIF(E34:AH34,"f") -> 0
A35: 30 | B35: ='Secret. Escolar'!$B$35 | C35: ='Secret. Escolar'!$C$35 | D35: 30 | AI35: =COUNTIF(E35:AH35,"f") -> 0
A36: 31 | B36: ='Secret. Escolar'!$B$36 | C36: ='Secret. Escolar'!$C$36 | D36: 31 | AI36: =COUNTIF(E36:AH36,"f") -> 0
A37: 32 | B37: ='Secret. Escolar'!$B$37 | C37: ='Secret. Escolar'!$C$37 | D37: 32 | AI37: =COUNTIF(E37:AH37,"f") -> 0
A38: 33 | B38: ='Secret. Escolar'!$B$38 | C38: ='Secret. Escolar'!$C$38 | D38: 33 | AI38: =COUNTIF(E38:AH38,"f") -> 0
A39: 34 | B39: ='Secret. Escolar'!$B$39 | C39: ='Secret. Escolar'!$C$39 | D39: 34 | AI39: =COUNTIF(E39:AH39,"f") -> 0
A40: 35 | B40: ='Secret. Escolar'!$B$40 | C40: ='Secret. Escolar'!$C$40 | D40: 35 | AI40: =COUNTIF(E40:AH40,"f") -> 0
A41: 36 | B41: ='Secret. Escolar'!$B$41 | C41: ='Secret. Escolar'!$C$41 | D41: 36 | AI41: =COUNTIF(E41:AH41,"f") -> 0
A42: 37 | B42: ='Secret. Escolar'!$B$42 | C42: ='Secret. Escolar'!$C$42 | D42: 37 | AI42: =COUNTIF(E42:AH42,"f") -> 0
A43: 38 | B43: ='Secret. Escolar'!$B$43 | C43: ='Secret. Escolar'!$C$43 | D43: 38 | AI43: =COUNTIF(E43:AH43,"f") -> 0
A44: 39 | B44: ='Secret. Escolar'!$B$44 | C44: ='Secret. Escolar'!$C$44 | D44: 39 | AI44: =COUNTIF(E44:AH44,"f") -> 0
A45: 40 | B45: ='Secret. Escolar'!$B$45 | C45: ='Secret. Escolar'!$C$45 | D45: 40 | AI45: =COUNTIF(E45:AH45,"f") -> 0
A46: 41 | B46: ='Secret. Escolar'!$B$46 | C46: ='Secret. Escolar'!$C$46 | D46: 41 | AI46: =COUNTIF(E46:AH46,"f") -> 0
A47: 42 | B47: ='Secret. Escolar'!$B$47 | C47: ='Secret. Escolar'!$C$47 | D47: 42 | AI47: =COUNTIF(E47:AH47,"f") -> 0
A48: 43 | B48: ='Secret. Escolar'!$B$48 | C48: ='Secret. Escolar'!$C$48 | D48: 43 | AI48: =COUNTIF(E48:AH48,"f") -> 0
A49: 44 | B49: ='Secret. Escolar'!$B$49 | C49: ='Secret. Escolar'!$C$49 | D49: 44 | AI49: =COUNTIF(E49:AH49,"f") -> 0
A50: 45 | B50: ='Secret. Escolar'!$B$50 | C50: ='Secret. Escolar'!$C$50 | D50: 45 | AI50: =COUNTIF(E50:AH50,"f") -> 0
A51: 46 | B51: ='Secret. Escolar'!$B$51 | C51: ='Secret. Escolar'!$C$51 | D51: 46 | AI51: =COUNTIF(E51:AH51,"f") -> 0
A52: 47 | B52: ='Secret. Escolar'!$B$52 | C52: ='Secret. Escolar'!$C$52 | D52: 47 | AI52: =COUNTIF(E52:AH52,"f") -> 0
A53: 48 | B53: ='Secret. Escolar'!$B$53 | C53: ='Secret. Escolar'!$C$53 | D53: 48 | AI53: =COUNTIF(E53:AH53,"f") -> 0
A54: 49 | B54: ='Secret. Escolar'!$B$54 | C54: ='Secret. Escolar'!$C$54 | D54: 49 | AI54: =COUNTIF(E54:AH54,"f") -> 0
A55: 50 | B55: ='Secret. Escolar'!$B$55 | C55: ='Secret. Escolar'!$C$55 | D55: 50 | AI55: =COUNTIF(E55:AH55,"f") -> 0

Sheet Reg. Aulas 4º Bim
A1: AULAS DADAS | B1: DATA | C1: UNIDADE TEMÁTICA | D1: Resumo dos objetos de conhecimentos e metodologias trabalhados
A2: 1 | B2: ='Frequência 4º Bim'!E5
A3: 2 | B3: ='Frequência 4º Bim'!F5
A4: 3 | B4: ='Frequência 4º Bim'!G5
A5: 4 | B5: ='Frequência 4º Bim'!H5
A6: 5 | B6: ='Frequência 4º Bim'!I5
A7: 6 | B7: ='Frequência 4º Bim'!J5
A8: 7 | B8: ='Frequência 4º Bim'!K5
A9: 8 | B9: ='Frequência 4º Bim'!L5
A10: 9 | B10: ='Frequência 4º Bim'!M5
A11: 10 | B11: ='Frequência 4º Bim'!N5
A12: 11 | B12: ='Frequência 4º Bim'!O5
A13: 12 | B13: ='Frequência 4º Bim'!P5
A14: 13 | B14: ='Frequência 4º Bim'!Q5
A15: 14 | B15: ='Frequência 4º Bim'!R5
A16: 15 | B16: ='Frequência 4º Bim'!S5
A17: 16 | B17: ='Frequência 4º Bim'!T5
A18: 17 | B18: ='Frequência 4º Bim'!U5
A19: 18 | B19: ='Frequência 4º Bim'!V5
A20: 19 | B20: ='Frequência 4º Bim'!W5
A21: 20 | B21: ='Frequência 4º Bim'!X5
A22: 21 | B22: ='Frequência 4º Bim'!Y5
A23: 22 | B23: ='Frequência 4º Bim'!Z5
A24: 23 | B24: ='Frequência 4º Bim'!AA5
A25: 24 | B25: ='Frequência 4º Bim'!AB5
A26: 25 | B26: ='Frequência 4º Bim'!AC5
A27: 26 | B27: ='Frequência 4º Bim'!AD5
A28: 27 | B28: ='Frequência 4º Bim'!AE5
A29: 28 | B29: ='Frequência 4º Bim'!AF5
A30: 29 | B30: ='Frequência 4º Bim'!AG5
A31: 30 | B31: ='Frequência 4º Bim'!AH5
A32: Quadro de encerramento do Bimestre
A33: Aulas Previstas | C33: 20
D34: Assinatura do Professor (a)
D35: ="Professor(a): "&Capa!G35 -> Professor(a): ITAMAR VIEIRA NUNES
D36: Data ___/_____/_____
A37: Aulas Dadas | C37: =COUNTA('Frequência 4º Bim'!E5:AH5) -> 0
D38: Carimbo e visto da Autoridade Escolar Encerrado em _______________________

Sheet OBS 4º Bim.
A1: ="Componente Curricular: "&Capa!J38&"" -> Componente Curricular: Educaçao Física | D1: ="Ano: "&Capa!F30&" Turma: "&Capa!N30&" Turno: "&Capa!F32&" Ano Letivo: "&Capa!O32&" 4º Bimestre"&" Professor(a): "&Capa!G35 -> Ano: 2° Turma: D Turno: Vespertino Ano Letivo: 2026 4º Bimestre Professor(a): ITAMAR VIEIRA NUNES
A3: Nº ALUNO | B3: ="Aulas Dadas: "&COUNTA('Frequência 4º Bim'!$E$5:$AH$5) -> Aulas Dadas: 0 | C3: Movimentções | D3: OBSERVAÇÕES DAS FREQUÊNCIAS | E3: OBSERVAÇÕES DOS REGISTROS
B5: Nome dos alunos
A6: 1 | B6: ='Secret. Escolar'!$B$6 -> Adriana Sofia Gonzalez Torres | C6: ='Secret. Escolar'!$C$6
A7: 2 | B7: ='Secret. Escolar'!$B$7 -> Alyson Lucas de Sousa Alencar | C7: ='Secret. Escolar'!$C$7
A8: 3 | B8: ='Secret. Escolar'!$B$8 -> Ana Clara Silva Zanolim | C8: ='Secret. Escolar'!$C$8
A9: 4 | B9: ='Secret. Escolar'!$B$9 -> Antônio Alves Pereira de Souza | C9: ='Secret. Escolar'!$C$9
A10: 5 | B10: ='Secret. Escolar'!$B$10 -> Cecília Resende dos Santos | C10: ='Secret. Escolar'!$C$10
A11: 6 | B11: ='Secret. Escolar'!$B$11 -> Emanuelly Vale da Silva | C11: ='Secret. Escolar'!$C$11
A12: 7 | B12: ='Secret. Escolar'!$B$12 -> Glloria Vitorya Moreira do Vale | C12: ='Secret. Escolar'!$C$12
A13: 8 | B13: ='Secret. Escolar'!$B$13 -> Izabelly Vitória Pereira Muniz | C13: ='Secret. Escolar'!$C$13
A14: 9 | B14: ='Secret. Escolar'!$B$14 -> Kaleu Carneiro Mesquita Tavares | C14: ='Secret. Escolar'!$C$14
A15: 10 | B15: ='Secret. Escolar'!$B$15 -> Lelimar Sofia Reyes Febres | C15: ='Secret. Escolar'!$C$15
A16: 11 | B16: ='Secret. Escolar'!$B$16 -> Luiz Gustavo Rodrigues Carneiro | C16: ='Secret. Escolar'!$C$16
A17: 12 | B17: ='Secret. Escolar'!$B$17 -> Luiz Otávio Santos de Sousa | C17: ='Secret. Escolar'!$C$17
A18: 13 | B18: ='Secret. Escolar'!$B$18 -> Maria Valentina de Souza | C18: ='Secret. Escolar'!$C$18
A19: 14 | B19: ='Secret. Escolar'!$B$19 -> Maysa Barros Caitano dos Santos | C19: ='Secret. Escolar'!$C$19
A20: 15 | B20: ='Secret. Escolar'!$B$20 -> Melissa Oliveira Magalhães | C20: ='Secret. Escolar'!$C$20
A21: 16 | B21: ='Secret. Escolar'!$B$21 -> Neilson de Oliveira Carneiro | C21: ='Secret. Escolar'!$C$21
A22: 17 | B22: ='Secret. Escolar'!$B$22 -> Sarah Gabrielle Coelho Lopes | C22: ='Secret. Escolar'!$C$22
A23: 18 | B23: ='Secret. Escolar'!$B$23 -> Sophia Pereira de Oliveira | C23: ='Secret. Escolar'!$C$23
A24: 19 | B24: ='Secret. Escolar'!$B$24 -> Wuilmer Adrian Ramos Salazar | C24: ='Secret. Escolar'!$C$24
A25: 20 | B25: ='Secret. Escolar'!$B$25 | C25: ='Secret. Escolar'!$C$25
A26: 21 | B26: ='Secret. Escolar'!$B$26 | C26: ='Secret. Escolar'!$C$26
A27: 22 | B27: ='Secret. Escolar'!$B$27 | C27: ='Secret. Escolar'!$C$27
A28: 23 | B28: ='Secret. Escolar'!$B$28 | C28: ='Secret. Escolar'!$C$28
A29: 24 | B29: ='Secret. Escolar'!$B$29 | C29: ='Secret. Escolar'!$C$29
A30: 25 | B30: ='Secret. Escolar'!$B$30 | C30: ='Secret. Escolar'!$C$30
A31: 26 | B31: ='Secret. Escolar'!$B$31 | C31: ='Secret. Escolar'!$C$31
A32: 27 | B32: ='Secret. Escolar'!$B$32 | C32: ='Secret. Escolar'!$C$32
A33: 28 | B33: ='Secret. Escolar'!$B$33 | C33: ='Secret. Escolar'!$C$33
A34: 29 | B34: ='Secret. Escolar'!$B$34 | C34: ='Secret. Escolar'!$C$34
A35: 30 | B35: ='Secret. Escolar'!$B$35 | C35: ='Secret. Escolar'!$C$35
A36: 31 | B36: ='Secret. Escolar'!$B$36 | C36: ='Secret. Escolar'!$C$36
A37: 32 | B37: ='Secret. Escolar'!$B$37 | C37: ='Secret. Escolar'!$C$37
A38: 33 | B38: ='Secret. Escolar'!$B$38 | C38: ='Secret. Escolar'!$C$38
A39: 34 | B39: ='Secret. Escolar'!$B$39 | C39: ='Secret. Escolar'!$C$39
A40: 35 | B40: ='Secret. Escolar'!$B$40 | C40: ='Secret. Escolar'!$C$40
A41: 36 | B41: ='Secret. Escolar'!$B$41 | C41: ='Secret. Escolar'!$C$41
A42: 37 | B42: ='Secret. Escolar'!$B$42 | C42: ='Secret. Escolar'!$C$42
A43: 38 | B43: ='Secret. Escolar'!$B$43 | C43: ='Secret. Escolar'!$C$43
A44: 39 | B44: ='Secret. Escolar'!$B$44 | C44: ='Secret. Escolar'!$C$44
A45: 40 | B45: ='Secret. Escolar'!$B$45 | C45: ='Secret. Escolar'!$C$45
A46: 41 | B46: ='Secret. Escolar'!$B$46 | C46: ='Secret. Escolar'!$C$46
A47: 42 | B47: ='Secret. Escolar'!$B$47 | C47: ='Secret. Escolar'!$C$47
A48: 43 | B48: ='Secret. Escolar'!$B$48 | C48: ='Secret. Escolar'!$C$48
A49: 44 | B49: ='Secret. Escolar'!$B$49 | C49: ='Secret. Escolar'!$C$49
A50: 45 | B50: ='Secret. Escolar'!$B$50 | C50: ='Secret. Escolar'!$C$50
A51: 46 | B51: ='Secret. Escolar'!$B$51 | C51: ='Secret. Escolar'!$C$51
A52: 47 | B52: ='Secret. Escolar'!$B$52 | C52: ='Secret. Escolar'!$C$52
A53: 48 | B53: ='Secret. Escolar'!$B$53 | C53: ='Secret. Escolar'!$C$53
A54: 49 | B54: ='Secret. Escolar'!$B$54 | C54: ='Secret. Escolar'!$C$54
A55: 50 | B55: ='Secret. Escolar'!$B$55 | C55: ='Secret. Escolar'!$C$55
B58: ="Professor(a): "&Capa!G35 -> Professor(a): ITAMAR VIEIRA NUNES | D58: Ass. e carimbo da autoridade escolar
D59: Data ____/____/____

Sheet Acompanhamento 2º Semestre.
A1: =Capa!$C$38&Capa!K38&" 2° Semestre" -> Componente Curricular: 2° Semestre | D1: ="Ano: "&Capa!F30&" Turma: "&Capa!N30&" Turno: "&Capa!F32&" Ano Letivo: "&Capa!O32&" " -> Ano: 2° Turma: D Turno: Vespertino Ano Letivo: 2026
D2: ="Professor(a): "&Capa!G35 -> Professor(a): ITAMAR VIEIRA NUNES
A3: RESERVADO AO PROFESSOR (A) DE EDUCAÇÃO FÍSICA | D3: Acompanhamento do desenvolvimentos físico do aluno
A4: Nº do Aluno | B4: Nome dos alunos | C4: Movimentções | D4: Data do acompanhamento | E4: Sexo | F4: Idade | G4: Peso | H4: Estatura | I4: IMC | J4: Situação
A5: 1 | B5: ='Secret. Escolar'!$B$6 -> Adriana Sofia Gonzalez Torres | C5: ='Secret. Escolar'!$C$6 | I5: =IFERROR(G5/(H5*H5), "") | J5: {=IFERROR(IF(I5 < INDEX('Referência'!$B$2:$B$21, MATCH(F5&E5, 'Referência'!$A$2:$A$21, 0)), "Abaixo do peso", IF(I5 < INDEX('Referência'!$C$2:$C$21, MATCH(F5&E5, 'Referência'!$A$2:$A$21, 0)), "Normal", IF(I5 < INDEX('Referência'!$D$2:$D$21, MATCH(F5&E5, 'Referência'!$A$2:$A$21, 0)), "Sobrepeso", "Obesidade"))), "")}
A6: 2 | B6: ='Secret. Escolar'!$B$7 -> Alyson Lucas de Sousa Alencar | C6: ='Secret. Escolar'!$C$7 | I6: =IFERROR(G6/(H6*H6), "") | J6: {=IFERROR(IF(I6 < INDEX('Referência'!$B$2:$B$21, MATCH(F6&E6, 'Referência'!$A$2:$A$21, 0)), "Abaixo do peso", IF(I6 < INDEX('Referência'!$C$2:$C$21, MATCH(F6&E6, 'Referência'!$A$2:$A$21, 0)), "Normal", IF(I6 < INDEX('Referência'!$D$2:$D$21, MATCH(F6&E6, 'Referência'!$A$2:$A$21, 0)), "Sobrepeso", "Obesidade"))), "")}
A7: 3 | B7: ='Secret. Escolar'!$B$8 -> Ana Clara Silva Zanolim | C7: ='Secret. Escolar'!$C$8 | I7: =IFERROR(G7/(H7*H7), "") | J7: {=IFERROR(IF(I7 < INDEX('Referência'!$B$2:$B$21, MATCH(F7&E7, 'Referência'!$A$2:$A$21, 0)), "Abaixo do peso", IF(I7 < INDEX('Referência'!$C$2:$C$21, MATCH(F7&E7, 'Referência'!$A$2:$A$21, 0)), "Normal", IF(I7 < INDEX('Referência'!$D$2:$D$21, MATCH(F7&E7, 'Referência'!$A$2:$A$21, 0)), "Sobrepeso", "Obesidade"))), "")}
A8: 4 | B8: ='Secret. Escolar'!$B$9 -> Antônio Alves Pereira de Souza | C8: ='Secret. Escolar'!$C$9 | I8: =IFERROR(G8/(H8*H8), "") | J8: {=IFERROR(IF(I8 < INDEX('Referência'!$B$2:$B$21, MATCH(F8&E8, 'Referência'!$A$2:$A$21, 0)), "Abaixo do peso", IF(I8 < INDEX('Referência'!$C$2:$C$21, MATCH(F8&E8, 'Referência'!$A$2:$A$21, 0)), "Normal", IF(I8 < INDEX('Referência'!$D$2:$D$21, MATCH(F8&E8, 'Referência'!$A$2:$A$21, 0)), "Sobrepeso", "Obesidade"))), "")}
A9: 5 | B9: ='Secret. Escolar'!$B$10 -> Cecília Resende dos Santos | C9: ='Secret. Escolar'!$C$10 | I9: =IFERROR(G9/(H9*H9), "") | J9: {=IFERROR(IF(I9 < INDEX('Referência'!$B$2:$B$21, MATCH(F9&E9, 'Referência'!$A$2:$A$21, 0)), "Abaixo do peso", IF(I9 < INDEX('Referência'!$C$2:$C$21, MATCH(F9&E9, 'Referência'!$A$2:$A$21, 0)), "Normal", IF(I9 < INDEX('Referência'!$D$2:$D$21, MATCH(F9&E9, 'Referência'!$A$2:$A$21, 0)), "Sobrepeso", "Obesidade"))), "")}
A10: 6 | B10: ='Secret. Escolar'!$B$11 -> Emanuelly Vale da Silva | C10: ='Secret. Escolar'!$C$11 | I10: =IFERROR(G10/(H10*H10), "") | J10: {=IFERROR(IF(I10 < INDEX('Referência'!$B$2:$B$21, MATCH(F10&E10, 'Referência'!$A$2:$A$21, 0)), "Abaixo do peso", IF(I10 < INDEX('Referência'!$C$2:$C$21, MATCH(F10&E10, 'Referência'!$A$2:$A$21, 0)), "Normal", IF(I10 < INDEX('Referência'!$D$2:$D$21, MATCH(F10&E10, 'Referência'!$A$2:$A$21, 0)), "Sobrepeso", "Obesidade"))), "")}
A11: 7 | B11: ='Secret. Escolar'!$B$12 -> Glloria Vitorya Moreira do Vale | C11: ='Secret. Escolar'!$C$12 | I11: =IFERROR(G11/(H11*H11), "") | J11: {=IFERROR(IF(I11 < INDEX('Referência'!$B$2:$B$21, MATCH(F11&E11, 'Referência'!$A$2:$A$21, 0)), "Abaixo do peso", IF(I11 < INDEX('Referência'!$C$2:$C$21, MATCH(F11&E11, 'Referência'!$A$2:$A$21, 0)), "Normal", IF(I11 < INDEX('Referência'!$D$2:$D$21, MATCH(F11&E11, 'Referência'!$A$2:$A$21, 0)), "Sobrepeso", "Obesidade"))), "")}
A12: 8 | B12: ='Secret. Escolar'!$B$13 -> Izabelly Vitória Pereira Muniz | C12: ='Secret. Escolar'!$C$13 | I12: =IFERROR(G12/(H12*H12), "") | J12: {=IFERROR(IF(I12 < INDEX('Referência'!$B$2:$B$21, MATCH(F12&E12, 'Referência'!$A$2:$A$21, 0)), "Abaixo do peso", IF(I12 < INDEX('Referência'!$C$2:$C$21, MATCH(F12&E12, 'Referência'!$A$2:$A$21, 0)), "Normal", IF(I12 < INDEX('Referência'!$D$2:$D$21, MATCH(F12&E12, 'Referência'!$A$2:$A$21, 0)), "Sobrepeso", "Obesidade"))), "")}
A13: 9 | B13: ='Secret. Escolar'!$B$14 -> Kaleu Carneiro Mesquita Tavares | C13: ='Secret. Escolar'!$C$14 | I13: =IFERROR(G13/(H13*H13), "") | J13: {=IFERROR(IF(I13 < INDEX('Referência'!$B$2:$B$21, MATCH(F13&E13, 'Referência'!$A$2:$A$21, 0)), "Abaixo do peso", IF(I13 < INDEX('Referência'!$C$2:$C$21, MATCH(F13&E13, 'Referência'!$A$2:$A$21, 0)), "Normal", IF(I13 < INDEX('Referência'!$D$2:$D$21, MATCH(F13&E13, 'Referência'!$A$2:$A$21, 0)), "Sobrepeso", "Obesidade"))), "")}
A14: 10 | B14: ='Secret. Escolar'!$B$15 -> Lelimar Sofia Reyes Febres | C14: ='Secret. Escolar'!$C$15 | I14: =IFERROR(G14/(H14*H14), "") | J14: {=IFERROR(IF(I14 < INDEX('Referência'!$B$2:$B$21, MATCH(F14&E14, 'Referência'!$A$2:$A$21, 0)), "Abaixo do peso", IF(I14 < INDEX('Referência'!$C$2:$C$21, MATCH(F14&E14, 'Referência'!$A$2:$A$21, 0)), "Normal", IF(I14 < INDEX('Referência'!$D$2:$D$21, MATCH(F14&E14, 'Referência'!$A$2:$A$21, 0)), "Sobrepeso", "Obesidade"))), "")}
A15: 11 | B15: ='Secret. Escolar'!$B$16 -> Luiz Gustavo Rodrigues Carneiro | C15: ='Secret. Escolar'!$C$16 | I15: =IFERROR(G15/(H15*H15), "") | J15: {=IFERROR(IF(I15 < INDEX('Referência'!$B$2:$B$21, MATCH(F15&E15, 'Referência'!$A$2:$A$21, 0)), "Abaixo do peso", IF(I15 < INDEX('Referência'!$C$2:$C$21, MATCH(F15&E15, 'Referência'!$A$2:$A$21, 0)), "Normal", IF(I15 < INDEX('Referência'!$D$2:$D$21, MATCH(F15&E15, 'Referência'!$A$2:$A$21, 0)), "Sobrepeso", "Obesidade"))), "")}
A16: 12 | B16: ='Secret. Escolar'!$B$17 -> Luiz Otávio Santos de Sousa | C16: ='Secret. Escolar'!$C$17 | I16: =IFERROR(G16/(H16*H16), "") | J16: {=IFERROR(IF(I16 < INDEX('Referência'!$B$2:$B$21, MATCH(F16&E16, 'Referência'!$A$2:$A$21, 0)), "Abaixo do peso", IF(I16 < INDEX('Referência'!$C$2:$C$21, MATCH(F16&E16, 'Referência'!$A$2:$A$21, 0)), "Normal", IF(I16 < INDEX('Referência'!$D$2:$D$21, MATCH(F16&E16, 'Referência'!$A$2:$A$21, 0)), "Sobrepeso", "Obesidade"))), "")}
A17: 13 | B17: ='Secret. Escolar'!$B$18 -> Maria Valentina de Souza | C17: ='Secret. Escolar'!$C$18 | I17: =IFERROR(G17/(H17*H17), "") | J17: {=IFERROR(IF(I17 < INDEX('Referência'!$B$2:$B$21, MATCH(F17&E17, 'Referência'!$A$2:$A$21, 0)), "Abaixo do peso", IF(I17 < INDEX('Referência'!$C$2:$C$21, MATCH(F17&E17, 'Referência'!$A$2:$A$21, 0)), "Normal", IF(I17 < INDEX('Referência'!$D$2:$D$21, MATCH(F17&E17, 'Referência'!$A$2:$A$21, 0)), "Sobrepeso", "Obesidade"))), "")}
A18: 14 | B18: ='Secret. Escolar'!$B$19 -> Maysa Barros Caitano dos Santos | C18: ='Secret. Escolar'!$C$19 | I18: =IFERROR(G18/(H18*H18), "") | J18: {=IFERROR(IF(I18 < INDEX('Referência'!$B$2:$B$21, MATCH(F18&E18, 'Referência'!$A$2:$A$21, 0)), "Abaixo do peso", IF(I18 < INDEX('Referência'!$C$2:$C$21, MATCH(F18&E18, 'Referência'!$A$2:$A$21, 0)), "Normal", IF(I18 < INDEX('Referência'!$D$2:$D$21, MATCH(F18&E18, 'Referência'!$A$2:$A$21, 0)), "Sobrepeso", "Obesidade"))), "")}
A19: 15 | B19: ='Secret. Escolar'!$B$20 -> Melissa Oliveira Magalhães | C19: ='Secret. Escolar'!$C$20 | I19: =IFERROR(G19/(H19*H19), "") | J19: {=IFERROR(IF(I19 < INDEX('Referência'!$B$2:$B$21, MATCH(F19&E19, 'Referência'!$A$2:$A$21, 0)), "Abaixo do peso", IF(I19 < INDEX('Referência'!$C$2:$C$21, MATCH(F19&E19, 'Referência'!$A$2:$A$21, 0)), "Normal", IF(I19 < INDEX('Referência'!$D$2:$D$21, MATCH(F19&E19, 'Referência'!$A$2:$A$21, 0)), "Sobrepeso", "Obesidade"))), "")}
A20: 16 | B20: ='Secret. Escolar'!$B$21 -> Neilson de Oliveira Carneiro | C20: ='Secret. Escolar'!$C$21 | I20: =IFERROR(G20/(H20*H20), "") | J20: {=IFERROR(IF(I20 < INDEX('Referência'!$B$2:$B$21, MATCH(F20&E20, 'Referência'!$A$2:$A$21, 0)), "Abaixo do peso", IF(I20 < INDEX('Referência'!$C$2:$C$21, MATCH(F20&E20, 'Referência'!$A$2:$A$21, 0)), "Normal", IF(I20 < INDEX('Referência'!$D$2:$D$21, MATCH(F20&E20, 'Referência'!$A$2:$A$21, 0)), "Sobrepeso", "Obesidade"))), "")}
A21: 17 | B21: ='Secret. Escolar'!$B$22 -> Sarah Gabrielle Coelho Lopes | C21: ='Secret. Escolar'!$C$22 | I21: =IFERROR(G21/(H21*H21), "") | J21: {=IFERROR(IF(I21 < INDEX('Referência'!$B$2:$B$21, MATCH(F21&E21, 'Referência'!$A$2:$A$21, 0)), "Abaixo do peso", IF(I21 < INDEX('Referência'!$C$2:$C$21, MATCH(F21&E21, 'Referência'!$A$2:$A$21, 0)), "Normal", IF(I21 < INDEX('Referência'!$D$2:$D$21, MATCH(F21&E21, 'Referência'!$A$2:$A$21, 0)), "Sobrepeso", "Obesidade"))), "")}
A22: 18 | B22: ='Secret. Escolar'!$B$23 -> Sophia Pereira de Oliveira | C22: ='Secret. Escolar'!$C$23 | I22: =IFERROR(G22/(H22*H22), "") | J22: {=IFERROR(IF(I22 < INDEX('Referência'!$B$2:$B$21, MATCH(F22&E22, 'Referência'!$A$2:$A$21, 0)), "Abaixo do peso", IF(I22 < INDEX('Referência'!$C$2:$C$21, MATCH(F22&E22, 'Referência'!$A$2:$A$21, 0)), "Normal", IF(I22 < INDEX('Referência'!$D$2:$D$21, MATCH(F22&E22, 'Referência'!$A$2:$A$21, 0)), "Sobrepeso", "Obesidade"))), "")}
A23: 19 | B23: ='Secret. Escolar'!$B$24 -> Wuilmer Adrian Ramos Salazar | C23: ='Secret. Escolar'!$C$24 | I23: =IFERROR(G23/(H23*H23), "") | J23: {=IFERROR(IF(I23 < INDEX('Referência'!$B$2:$B$21, MATCH(F23&E23, 'Referência'!$A$2:$A$21, 0)), "Abaixo do peso", IF(I23 < INDEX('Referência'!$C$2:$C$21, MATCH(F23&E23, 'Referência'!$A$2:$A$21, 0)), "Normal", IF(I23 < INDEX('Referência'!$D$2:$D$21, MATCH(F23&E23, 'Referência'!$A$2:$A$21, 0)), "Sobrepeso", "Obesidade"))), "")}
A24: 20 | B24: ='Secret. Escolar'!$B$25 | C24: ='Secret. Escolar'!$C$25 | I24: =IFERROR(G24/(H24*H24), "") | J24: {=IFERROR(IF(I24 < INDEX('Referência'!$B$2:$B$21, MATCH(F24&E24, 'Referência'!$A$2:$A$21, 0)), "Abaixo do peso", IF(I24 < INDEX('Referência'!$C$2:$C$21, MATCH(F24&E24, 'Referência'!$A$2:$A$21, 0)), "Normal", IF(I24 < INDEX('Referência'!$D$2:$D$21, MATCH(F24&E24, 'Referência'!$A$2:$A$21, 0)), "Sobrepeso", "Obesidade"))), "")}
A25: 21 | B25: ='Secret. Escolar'!$B$26 | C25: ='Secret. Escolar'!$C$26 | I25: =IFERROR(G25/(H25*H25), "") | J25: {=IFERROR(IF(I25 < INDEX('Referência'!$B$2:$B$21, MATCH(F25&E25, 'Referência'!$A$2:$A$21, 0)), "Abaixo do peso", IF(I25 < INDEX('Referência'!$C$2:$C$21, MATCH(F25&E25, 'Referência'!$A$2:$A$21, 0)), "Normal", IF(I25 < INDEX('Referência'!$D$2:$D$21, MATCH(F25&E25, 'Referência'!$A$2:$A$21, 0)), "Sobrepeso", "Obesidade"))), "")}
A26: 22 | B26: ='Secret. Escolar'!$B$27 | C26: ='Secret. Escolar'!$C$27 | I26: =IFERROR(G26/(H26*H26), "") | J26: {=IFERROR(IF(I26 < INDEX('Referência'!$B$2:$B$21, MATCH(F26&E26, 'Referência'!$A$2:$A$21, 0)), "Abaixo do peso", IF(I26 < INDEX('Referência'!$C$2:$C$21, MATCH(F26&E26, 'Referência'!$A$2:$A$21, 0)), "Normal", IF(I26 < INDEX('Referência'!$D$2:$D$21, MATCH(F26&E26, 'Referência'!$A$2:$A$21, 0)), "Sobrepeso", "Obesidade"))), "")}
A27: 23 | B27: ='Secret. Escolar'!$B$28 | C27: ='Secret. Escolar'!$C$28 | I27: =IFERROR(G27/(H27*H27), "") | J27: {=IFERROR(IF(I27 < INDEX('Referência'!$B$2:$B$21, MATCH(F27&E27, 'Referência'!$A$2:$A$21, 0)), "Abaixo do peso", IF(I27 < INDEX('Referência'!$C$2:$C$21, MATCH(F27&E27, 'Referência'!$A$2:$A$21, 0)), "Normal", IF(I27 < INDEX('Referência'!$D$2:$D$21, MATCH(F27&E27, 'Referência'!$A$2:$A$21, 0)), "Sobrepeso", "Obesidade"))), "")}
A28: 24 | B28: ='Secret. Escolar'!$B$29 | C28: ='Secret. Escolar'!$C$29 | I28: =IFERROR(G28/(H28*H28), "") | J28: {=IFERROR(IF(I28 < INDEX('Referência'!$B$2:$B$21, MATCH(F28&E28, 'Referência'!$A$2:$A$21, 0)), "Abaixo do peso", IF(I28 < INDEX('Referência'!$C$2:$C$21, MATCH(F28&E28, 'Referência'!$A$2:$A$21, 0)), "Normal", IF(I28 < INDEX('Referência'!$D$2:$D$21, MATCH(F28&E28, 'Referência'!$A$2:$A$21, 0)), "Sobrepeso", "Obesidade"))), "")}
A29: 25 | B29: ='Secret. Escolar'!$B$30 | C29: ='Secret. Escolar'!$C$30 | I29: =IFERROR(G29/(H29*H29), "") | J29: {=IFERROR(IF(I29 < INDEX('Referência'!$B$2:$B$21, MATCH(F29&E29, 'Referência'!$A$2:$A$21, 0)), "Abaixo do peso", IF(I29 < INDEX('Referência'!$C$2:$C$21, MATCH(F29&E29, 'Referência'!$A$2:$A$21, 0)), "Normal", IF(I29 < INDEX('Referência'!$D$2:$D$21, MATCH(F29&E29, 'Referência'!$A$2:$A$21, 0)), "Sobrepeso", "Obesidade"))), "")}
A30: 26 | B30: ='Secret. Escolar'!$B$31 | C30: ='Secret. Escolar'!$C$31 | I30: =IFERROR(G30/(H30*H30), "") | J30: {=IFERROR(IF(I30 < INDEX('Referência'!$B$2:$B$21, MATCH(F30&E30, 'Referência'!$A$2:$A$21, 0)), "Abaixo do peso", IF(I30 < INDEX('Referência'!$C$2:$C$21, MATCH(F30&E30, 'Referência'!$A$2:$A$21, 0)), "Normal", IF(I30 < INDEX('Referência'!$D$2:$D$21, MATCH(F30&E30, 'Referência'!$A$2:$A$21, 0)), "Sobrepeso", "Obesidade"))), "")}
A31: 27 | B31: ='Secret. Escolar'!$B$32 | C31: ='Secret. Escolar'!$C$32 | I31: =IFERROR(G31/(H31*H31), "") | J31: {=IFERROR(IF(I31 < INDEX('Referência'!$B$2:$B$21, MATCH(F31&E31, 'Referência'!$A$2:$A$21, 0)), "Abaixo do peso", IF(I31 < INDEX('Referência'!$C$2:$C$21, MATCH(F31&E31, 'Referência'!$A$2:$A$21, 0)), "Normal", IF(I31 < INDEX('Referência'!$D$2:$D$21, MATCH(F31&E31, 'Referência'!$A$2:$A$21, 0)), "Sobrepeso", "Obesidade"))), "")}
A32: 28 | B32: ='Secret. Escolar'!$B$33 | C32: ='Secret. Escolar'!$C$33 | I32: =IFERROR(G32/(H32*H32), "") | J32: {=IFERROR(IF(I32 < INDEX('Referência'!$B$2:$B$21, MATCH(F32&E32, 'Referência'!$A$2:$A$21, 0)), "Abaixo do peso", IF(I32 < INDEX('Referência'!$C$2:$C$21, MATCH(F32&E32, 'Referência'!$A$2:$A$21, 0)), "Normal", IF(I32 < INDEX('Referência'!$D$2:$D$21, MATCH(F32&E32, 'Referência'!$A$2:$A$21, 0)), "Sobrepeso", "Obesidade"))), "")}
A33: 29 | B33: ='Secret. Escolar'!$B$34 | C33: ='Secret. Escolar'!$C$34 | I33: =IFERROR(G33/(H33*H33), "") | J33: {=IFERROR(IF(I33 < INDEX('Referência'!$B$2:$B$21, MATCH(F33&E33, 'Referência'!$A$2:$A$21, 0)), "Abaixo do peso", IF(I33 < INDEX('Referência'!$C$2:$C$21, MATCH(F33&E33, 'Referência'!$A$2:$A$21, 0)), "Normal", IF(I33 < INDEX('Referência'!$D$2:$D$21, MATCH(F33&E33, 'Referência'!$A$2:$A$21, 0)), "Sobrepeso", "Obesidade"))), "")}
A34: 30 | B34: ='Secret. Escolar'!$B$35 | C34: ='Secret. Escolar'!$C$35 | I34: =IFERROR(G34/(H34*H34), "") | J34: {=IFERROR(IF(I34 < INDEX('Referência'!$B$2:$B$21, MATCH(F34&E34, 'Referência'!$A$2:$A$21, 0)), "Abaixo do peso", IF(I34 < INDEX('Referência'!$C$2:$C$21, MATCH(F34&E34, 'Referência'!$A$2:$A$21, 0)), "Normal", IF(I34 < INDEX('Referência'!$D$2:$D$21, MATCH(F34&E34, 'Referência'!$A$2:$A$21, 0)), "Sobrepeso", "Obesidade"))), "")}
A35: 31 | B35: ='Secret. Escolar'!$B$36 | C35: ='Secret. Escolar'!$C$36 | I35: =IFERROR(G35/(H35*H35), "") | J35: {=IFERROR(IF(I35 < INDEX('Referência'!$B$2:$B$21, MATCH(F35&E35, 'Referência'!$A$2:$A$21, 0)), "Abaixo do peso", IF(I35 < INDEX('Referência'!$C$2:$C$21, MATCH(F35&E35, 'Referência'!$A$2:$A$21, 0)), "Normal", IF(I35 < INDEX('Referência'!$D$2:$D$21, MATCH(F35&E35, 'Referência'!$A$2:$A$21, 0)), "Sobrepeso", "Obesidade"))), "")}
A36: 32 | B36: ='Secret. Escolar'!$B$37 | C36: ='Secret. Escolar'!$C$37 | I36: =IFERROR(G36/(H36*H36), "") | J36: {=IFERROR(IF(I36 < INDEX('Referência'!$B$2:$B$21, MATCH(F36&E36, 'Referência'!$A$2:$A$21, 0)), "Abaixo do peso", IF(I36 < INDEX('Referência'!$C$2:$C$21, MATCH(F36&E36, 'Referência'!$A$2:$A$21, 0)), "Normal", IF(I36 < INDEX('Referência'!$D$2:$D$21, MATCH(F36&E36, 'Referência'!$A$2:$A$21, 0)), "Sobrepeso", "Obesidade"))), "")}
A37: 33 | B37: ='Secret. Escolar'!$B$38 | C37: ='Secret. Escolar'!$C$38 | I37: =IFERROR(G37/(H37*H37), "") | J37: {=IFERROR(IF(I37 < INDEX('Referência'!$B$2:$B$21, MATCH(F37&E37, 'Referência'!$A$2:$A$21, 0)), "Abaixo do peso", IF(I37 < INDEX('Referência'!$C$2:$C$21, MATCH(F37&E37, 'Referência'!$A$2:$A$21, 0)), "Normal", IF(I37 < INDEX('Referência'!$D$2:$D$21, MATCH(F37&E37, 'Referência'!$A$2:$A$21, 0)), "Sobrepeso", "Obesidade"))), "")}
A38: 34 | B38: ='Secret. Escolar'!$B$39 | C38: ='Secret. Escolar'!$C$39 | I38: =IFERROR(G38/(H38*H38), "") | J38: {=IFERROR(IF(I38 < INDEX('Referência'!$B$2:$B$21, MATCH(F38&E38, 'Referência'!$A$2:$A$21, 0)), "Abaixo do peso", IF(I38 < INDEX('Referência'!$C$2:$C$21, MATCH(F38&E38, 'Referência'!$A$2:$A$21, 0)), "Normal", IF(I38 < INDEX('Referência'!$D$2:$D$21, MATCH(F38&E38, 'Referência'!$A$2:$A$21, 0)), "Sobrepeso", "Obesidade"))), "")}
A39: 35 | B39: ='Secret. Escolar'!$B$40 | C39: ='Secret. Escolar'!$C$40 | I39: =IFERROR(G39/(H39*H39), "") | J39: {=IFERROR(IF(I39 < INDEX('Referência'!$B$2:$B$21, MATCH(F39&E39, 'Referência'!$A$2:$A$21, 0)), "Abaixo do peso", IF(I39 < INDEX('Referência'!$C$2:$C$21, MATCH(F39&E39, 'Referência'!$A$2:$A$21, 0)), "Normal", IF(I39 < INDEX('Referência'!$D$2:$D$21, MATCH(F39&E39, 'Referência'!$A$2:$A$21, 0)), "Sobrepeso", "Obesidade"))), "")}
A40: 36 | B40: ='Secret. Escolar'!$B$41 | C40: ='Secret. Escolar'!$C$41 | I40: =IFERROR(G40/(H40*H40), "") | J40: {=IFERROR(IF(I40 < INDEX('Referência'!$B$2:$B$21, MATCH(F40&E40, 'Referência'!$A$2:$A$21, 0)), "Abaixo do peso", IF(I40 < INDEX('Referência'!$C$2:$C$21, MATCH(F40&E40, 'Referência'!$A$2:$A$21, 0)), "Normal", IF(I40 < INDEX('Referência'!$D$2:$D$21, MATCH(F40&E40, 'Referência'!$A$2:$A$21, 0)), "Sobrepeso", "Obesidade"))), "")}
A41: 37 | B41: ='Secret. Escolar'!$B$42 | C41: ='Secret. Escolar'!$C$42 | I41: =IFERROR(G41/(H41*H41), "") | J41: {=IFERROR(IF(I41 < INDEX('Referência'!$B$2:$B$21, MATCH(F41&E41, 'Referência'!$A$2:$A$21, 0)), "Abaixo do peso", IF(I41 < INDEX('Referência'!$C$2:$C$21, MATCH(F41&E41, 'Referência'!$A$2:$A$21, 0)), "Normal", IF(I41 < INDEX('Referência'!$D$2:$D$21, MATCH(F41&E41, 'Referência'!$A$2:$A$21, 0)), "Sobrepeso", "Obesidade"))), "")}
A42: 38 | B42: ='Secret. Escolar'!$B$43 | C42: ='Secret. Escolar'!$C$43 | I42: =IFERROR(G42/(H42*H42), "") | J42: {=IFERROR(IF(I42 < INDEX('Referência'!$B$2:$B$21, MATCH(F42&E42, 'Referência'!$A$2:$A$21, 0)), "Abaixo do peso", IF(I42 < INDEX('Referência'!$C$2:$C$21, MATCH(F42&E42, 'Referência'!$A$2:$A$21, 0)), "Normal", IF(I42 < INDEX('Referência'!$D$2:$D$21, MATCH(F42&E42, 'Referência'!$A$2:$A$21, 0)), "Sobrepeso", "Obesidade"))), "")}
A43: 39 | B43: ='Secret. Escolar'!$B$44 | C43: ='Secret. Escolar'!$C$44 | I43: =IFERROR(G43/(H43*H43), "") | J43: {=IFERROR(IF(I43 < INDEX('Referência'!$B$2:$B$21, MATCH(F43&E43, 'Referência'!$A$2:$A$21, 0)), "Abaixo do peso", IF(I43 < INDEX('Referência'!$C$2:$C$21, MATCH(F43&E43, 'Referência'!$A$2:$A$21, 0)), "Normal", IF(I43 < INDEX('Referência'!$D$2:$D$21, MATCH(F43&E43, 'Referência'!$A$2:$A$21, 0)), "Sobrepeso", "Obesidade"))), "")}
A44: 40 | B44: ='Secret. Escolar'!$B$45 | C44: ='Secret. Escolar'!$C$45 | I44: =IFERROR(G44/(H44*H44), "") | J44: {=IFERROR(IF(I44 < INDEX('Referência'!$B$2:$B$21, MATCH(F44&E44, 'Referência'!$A$2:$A$21, 0)), "Abaixo do peso", IF(I44 < INDEX('Referência'!$C$2:$C$21, MATCH(F44&E44, 'Referência'!$A$2:$A$21, 0)), "Normal", IF(I44 < INDEX('Referência'!$D$2:$D$21, MATCH(F44&E44, 'Referência'!$A$2:$A$21, 0)), "Sobrepeso", "Obesidade"))), "")}
A45: 41 | B45: ='Secret. Escolar'!$B$46 | C45: ='Secret. Escolar'!$C$46 | I45: =IFERROR(G45/(H45*H45), "") | J45: {=IFERROR(IF(I45 < INDEX('Referência'!$B$2:$B$21, MATCH(F45&E45, 'Referência'!$A$2:$A$21, 0)), "Abaixo do peso", IF(I45 < INDEX('Referência'!$C$2:$C$21, MATCH(F45&E45, 'Referência'!$A$2:$A$21, 0)), "Normal", IF(I45 < INDEX('Referência'!$D$2:$D$21, MATCH(F45&E45, 'Referência'!$A$2:$A$21, 0)), "Sobrepeso", "Obesidade"))), "")}
A46: 42 | B46: ='Secret. Escolar'!$B$47 | C46: ='Secret. Escolar'!$C$47 | I46: =IFERROR(G46/(H46*H46), "") | J46: {=IFERROR(IF(I46 < INDEX('Referência'!$B$2:$B$21, MATCH(F46&E46, 'Referência'!$A$2:$A$21, 0)), "Abaixo do peso", IF(I46 < INDEX('Referência'!$C$2:$C$21, MATCH(F46&E46, 'Referência'!$A$2:$A$21, 0)), "Normal", IF(I46 < INDEX('Referência'!$D$2:$D$21, MATCH(F46&E46, 'Referência'!$A$2:$A$21, 0)), "Sobrepeso", "Obesidade"))), "")}
C47: ='Secret. Escolar'!$C$49 | I47: ="Professor(a): "&Capa!G35 -> Professor(a): ITAMAR VIEIRA NUNES
A48: LEGENDA: | C48: ='Secret. Escolar'!$C$50
B49: Abaixo do peso | C49: ='Secret. Escolar'!$C$51 | I49: Diretor:
B50: Normal | C50: ='Secret. Escolar'!$C$52
B51: Sobrepeso | C51: ='Secret. Escolar'!$C$53
B52: Obesidade | C52: ='Secret. Escolar'!$C$54
C53: ='Secret. Escolar'!$C$55 | I53: Coordenador:

Sheet Avaliação 2º Semestre.
A1: ="Componente Curricular: "&Capa!J38&"" -> Componente Curricular: Educaçao Física | D1: ="Ano: "&Capa!F30&" Turma: "&Capa!N30&" Turno: "&Capa!F32&" Ano Letivo: "&Capa!O32&" 2º Semestre"&" " -> Ano: 2° Turma: D Turno: Vespertino Ano Letivo: 2026 2º Semestre
D2: ="Professor(a): "&Capa!G35 -> Professor(a): ITAMAR VIEIRA NUNES
A3: Nº DO ALUNO | B3: Nome dos alunos | C3: AULAS DADAS | D3: AVALIAÇÕES CONTÍNUAS e PROCESSUAIS | L3: TOTAL DE FALTA | M3: % Faltas Semestral
C4: =SUM('Reg. Aulas 3º Bim'!C37,'Reg. Aulas 4º Bim'!C37) -> 0 | D4: VALORES E ATITUDES
C5: Movimentções | D5: Relacionamento | E5: Assiduidade | F5: Pontualidade | G5: Expressividade | H5: Equilibrio | I5: Coordenação | J5: Aula Prática | K5: Aula Teórica
A6: 1 | B6: ='Secret. Escolar'!$B$6 -> Adriana Sofia Gonzalez Torres | C6: ='Secret. Escolar'!$C$6 | L6: =SUM('Frequência 3º Bim'!AI6,'Frequência 4º Bim'!AI6) -> 0 | M6: =IFERROR((C4-L6)*1/C4, "")
A7: 2 | B7: ='Secret. Escolar'!$B$7 -> Alyson Lucas de Sousa Alencar | C7: ='Secret. Escolar'!$C$7 | L7: =SUM('Frequência 3º Bim'!AI7,'Frequência 4º Bim'!AI7) -> 0 | M7: =IFERROR((C5-L7)*1/C5, "")
A8: 3 | B8: ='Secret. Escolar'!$B$8 -> Ana Clara Silva Zanolim | C8: ='Secret. Escolar'!$C$8 | L8: =SUM('Frequência 3º Bim'!AI8,'Frequência 4º Bim'!AI8) -> 0 | M8: =IFERROR((C6-L8)*1/C6, "")
A9: 4 | B9: ='Secret. Escolar'!$B$9 -> Antônio Alves Pereira de Souza | C9: ='Secret. Escolar'!$C$9 | L9: =SUM('Frequência 3º Bim'!AI9,'Frequência 4º Bim'!AI9) -> 0 | M9: =IFERROR((C7-L9)*1/C7, "")
A10: 5 | B10: ='Secret. Escolar'!$B$10 -> Cecília Resende dos Santos | C10: ='Secret. Escolar'!$C$10 | L10: =SUM('Frequência 3º Bim'!AI10,'Frequência 4º Bim'!AI10) -> 0 | M10: =IFERROR((C8-L10)*1/C8, "")
A11: 6 | B11: ='Secret. Escolar'!$B$11 -> Emanuelly Vale da Silva | C11: ='Secret. Escolar'!$C$11 | L11: =SUM('Frequência 3º Bim'!AI11,'Frequência 4º Bim'!AI11) -> 0 | M11: =IFERROR((C9-L11)*1/C9, "")
A12: 7 | B12: ='Secret. Escolar'!$B$12 -> Glloria Vitorya Moreira do Vale | C12: ='Secret. Escolar'!$C$12 | L12: =SUM('Frequência 3º Bim'!AI12,'Frequência 4º Bim'!AI12) -> 0 | M12: =IFERROR((C10-L12)*1/C10, "")
A13: 8 | B13: ='Secret. Escolar'!$B$13 -> Izabelly Vitória Pereira Muniz | C13: ='Secret. Escolar'!$C$13 | L13: =SUM('Frequência 3º Bim'!AI13,'Frequência 4º Bim'!AI13) -> 0 | M13: =IFERROR((C11-L13)*1/C11, "")
A14: 9 | B14: ='Secret. Escolar'!$B$14 -> Kaleu Carneiro Mesquita Tavares | C14: ='Secret. Escolar'!$C$14 | L14: =SUM('Frequência 3º Bim'!AI14,'Frequência 4º Bim'!AI14) -> 0 | M14: =IFERROR((C12-L14)*1/C12, "")
A15: 10 | B15: ='Secret. Escolar'!$B$15 -> Lelimar Sofia Reyes Febres | C15: ='Secret. Escolar'!$C$15 | L15: =SUM('Frequência 3º Bim'!AI15,'Frequência 4º Bim'!AI15) -> 0 | M15: =IFERROR((C13-L15)*1/C13, "")
A16: 11 | B16: ='Secret. Escolar'!$B$16 -> Luiz Gustavo Rodrigues Carneiro | C16: ='Secret. Escolar'!$C$16 | L16: =SUM('Frequência 3º Bim'!AI16,'Frequência 4º Bim'!AI16) -> 0 | M16: =IFERROR((C14-L16)*1/C14, "")
A17: 12 | B17: ='Secret. Escolar'!$B$17 -> Luiz Otávio Santos de Sousa | C17: ='Secret. Escolar'!$C$17 | L17: =SUM('Frequência 3º Bim'!AI17,'Frequência 4º Bim'!AI17) -> 0 | M17: =IFERROR((C15-L17)*1/C15, "")
A18: 13 | B18: ='Secret. Escolar'!$B$18 -> Maria Valentina de Souza | C18: ='Secret. Escolar'!$C$18 | L18: =SUM('Frequência 3º Bim'!AI18,'Frequência 4º Bim'!AI18) -> 0 | M18: =IFERROR((C16-L18)*1/C16, "")
A19: 14 | B19: ='Secret. Escolar'!$B$19 -> Maysa Barros Caitano dos Santos | C19: ='Secret. Escolar'!$C$19 | L19: =SUM('Frequência 3º Bim'!AI19,'Frequência 4º Bim'!AI19) -> 0 | M19: =IFERROR((C17-L19)*1/C17, "")
A20: 15 | B20: ='Secret. Escolar'!$B$20 -> Melissa Oliveira Magalhães | C20: ='Secret. Escolar'!$C$20 | L20: =SUM('Frequência 3º Bim'!AI20,'Frequência 4º Bim'!AI20) -> 0 | M20: =IFERROR((C18-L20)*1/C18, "")
A21: 16 | B21: ='Secret. Escolar'!$B$21 -> Neilson de Oliveira Carneiro | C21: ='Secret. Escolar'!$C$21 | L21: =SUM('Frequência 3º Bim'!AI21,'Frequência 4º Bim'!AI21) -> 0 | M21: =IFERROR((C19-L21)*1/C19, "")
A22: 17 | B22: ='Secret. Escolar'!$B$22 -> Sarah Gabrielle Coelho Lopes | C22: ='Secret. Escolar'!$C$22 | L22: =SUM('Frequência 3º Bim'!AI22,'Frequência 4º Bim'!AI22) -> 0 | M22: =IFERROR((C20-L22)*1/C20, "")
A23: 18 | B23: ='Secret. Escolar'!$B$23 -> Sophia Pereira de Oliveira | C23: ='Secret. Escolar'!$C$23 | L23: =SUM('Frequência 3º Bim'!AI23,'Frequência 4º Bim'!AI23) -> 0 | M23: =IFERROR((C21-L23)*1/C21, "")
A24: 19 | B24: ='Secret. Escolar'!$B$24 -> Wuilmer Adrian Ramos Salazar | C24: ='Secret. Escolar'!$C$24 | L24: =SUM('Frequência 3º Bim'!AI24,'Frequência 4º Bim'!AI24) -> 0 | M24: =IFERROR((C22-L24)*1/C22, "")
A25: 20 | B25: ='Secret. Escolar'!$B$25 | C25: ='Secret. Escolar'!$C$25 | L25: =SUM('Frequência 3º Bim'!AI25,'Frequência 4º Bim'!AI25) -> 0 | M25: =IFERROR((C23-L25)*1/C23, "")
A26: 21 | B26: ='Secret. Escolar'!$B$26 | C26: ='Secret. Escolar'!$C$26 | L26: =SUM('Frequência 3º Bim'!AI26,'Frequência 4º Bim'!AI26) -> 0 | M26: =IFERROR((C24-L26)*1/C24, "")
A27: 22 | B27: ='Secret. Escolar'!$B$27 | C27: ='Secret. Escolar'!$C$27 | L27: =SUM('Frequência 3º Bim'!AI27,'Frequência 4º Bim'!AI27) -> 0 | M27: =IFERROR((C25-L27)*1/C25, "")
A28: 23 | B28: ='Secret. Escolar'!$B$28 | C28: ='Secret. Escolar'!$C$28 | L28: =SUM('Frequência 3º Bim'!AI28,'Frequência 4º Bim'!AI28) -> 0 | M28: =IFERROR((C26-L28)*1/C26, "")
A29: 24 | B29: ='Secret. Escolar'!$B$29 | C29: ='Secret. Escolar'!$C$29 | L29: =SUM('Frequência 3º Bim'!AI29,'Frequência 4º Bim'!AI29) -> 0 | M29: =IFERROR((C27-L29)*1/C27, "")
A30: 25 | B30: ='Secret. Escolar'!$B$30 | C30: ='Secret. Escolar'!$C$30 | L30: =SUM('Frequência 3º Bim'!AI30,'Frequência 4º Bim'!AI30) -> 0 | M30: =IFERROR((C28-L30)*1/C28, "")
A31: 26 | B31: ='Secret. Escolar'!$B$31 | C31: ='Secret. Escolar'!$C$31 | L31: =SUM('Frequência 3º Bim'!AI31,'Frequência 4º Bim'!AI31) -> 0 | M31: =IFERROR((C29-L31)*1/C29, "")
A32: 27 | B32: ='Secret. Escolar'!$B$32 | C32: ='Secret. Escolar'!$C$32 | L32: =SUM('Frequência 3º Bim'!AI32,'Frequência 4º Bim'!AI32) -> 0 | M32: =IFERROR((C30-L32)*1/C30, "")
A33: 28 | B33: ='Secret. Escolar'!$B$33 | C33: ='Secret. Escolar'!$C$33 | L33: =SUM('Frequência 3º Bim'!AI33,'Frequência 4º Bim'!AI33) -> 0 | M33: =IFERROR((C31-L33)*1/C31, "")
A34: 29 | B34: ='Secret. Escolar'!$B$34 | C34: ='Secret. Escolar'!$C$34 | L34: =SUM('Frequência 3º Bim'!AI34,'Frequência 4º Bim'!AI34) -> 0 | M34: =IFERROR((C32-L34)*1/C32, "")
A35: 30 | B35: ='Secret. Escolar'!$B$35 | C35: ='Secret. Escolar'!$C$35 | L35: =SUM('Frequência 3º Bim'!AI35,'Frequência 4º Bim'!AI35) -> 0 | M35: =IFERROR((C33-L35)*1/C33, "")
A36: 31 | B36: ='Secret. Escolar'!$B$36 | C36: ='Secret. Escolar'!$C$36 | L36: =SUM('Frequência 3º Bim'!AI36,'Frequência 4º Bim'!AI36) -> 0 | M36: =IFERROR((C34-L36)*1/C34, "")
A37: 32 | B37: ='Secret. Escolar'!$B$37 | C37: ='Secret. Escolar'!$C$37 | L37: =SUM('Frequência 3º Bim'!AI37,'Frequência 4º Bim'!AI37) -> 0 | M37: =IFERROR((C35-L37)*1/C35, "")
A38: 33 | B38: ='Secret. Escolar'!$B$38 | C38: ='Secret. Escolar'!$C$38 | L38: =SUM('Frequência 3º Bim'!AI38,'Frequência 4º Bim'!AI38) -> 0 | M38: =IFERROR((C36-L38)*1/C36, "")
A39: 34 | B39: ='Secret. Escolar'!$B$39 | C39: ='Secret. Escolar'!$C$39 | L39: =SUM('Frequência 3º Bim'!AI39,'Frequência 4º Bim'!AI39) -> 0 | M39: =IFERROR((C37-L39)*1/C37, "")
A40: 35 | B40: ='Secret. Escolar'!$B$40 | C40: ='Secret. Escolar'!$C$40 | L40: =SUM('Frequência 3º Bim'!AI40,'Frequência 4º Bim'!AI40) -> 0 | M40: =IFERROR((C38-L40)*1/C38, "")
A41: 36 | B41: ='Secret. Escolar'!$B$41 | C41: ='Secret. Escolar'!$C$41 | L41: =SUM('Frequência 3º Bim'!AI41,'Frequência 4º Bim'!AI41) -> 0 | M41: =IFERROR((C39-L41)*1/C39, "")
A42: 37 | B42: ='Secret. Escolar'!$B$42 | C42: ='Secret. Escolar'!$C$42 | L42: =SUM('Frequência 3º Bim'!AI42,'Frequência 4º Bim'!AI42) -> 0 | M42: =IFERROR((C40-L42)*1/C40, "")
A43: 38 | B43: ='Secret. Escolar'!$B$43 | C43: ='Secret. Escolar'!$C$43 | L43: =SUM('Frequência 3º Bim'!AI43,'Frequência 4º Bim'!AI43) -> 0 | M43: =IFERROR((C41-L43)*1/C41, "")
A44: 39 | B44: ='Secret. Escolar'!$B$44 | C44: ='Secret. Escolar'!$C$44 | L44: =SUM('Frequência 3º Bim'!AI44,'Frequência 4º Bim'!AI44) -> 0 | M44: =IFERROR((C42-L44)*1/C42, "")
A45: 40 | B45: ='Secret. Escolar'!$B$45 | C45: ='Secret. Escolar'!$C$45 | L45: =SUM('Frequência 3º Bim'!AI45,'Frequência 4º Bim'!AI45) -> 0 | M45: =IFERROR((C43-L45)*1/C43, "")
A46: 41 | B46: ='Secret. Escolar'!$B$46 | C46: ='Secret. Escolar'!$C$46 | L46: =SUM('Frequência 3º Bim'!AI46,'Frequência 4º Bim'!AI46) -> 0 | M46: =IFERROR((C44-L46)*1/C44, "")
A47: 42 | B47: ='Secret. Escolar'!$B$47 | C47: ='Secret. Escolar'!$C$47 | L47: =SUM('Frequência 3º Bim'!AI47,'Frequência 4º Bim'!AI47) -> 0 | M47: =IFERROR((C45-L47)*1/C45, "")
A48: 43 | B48: ='Secret. Escolar'!$B$48 | C48: ='Secret. Escolar'!$C$48 | L48: =SUM('Frequência 3º Bim'!AI48,'Frequência 4º Bim'!AI48) -> 0 | M48: =IFERROR((C46-L48)*1/C46, "")
A49: 44 | B49: ='Secret. Escolar'!$B$49 | C49: ='Secret. Escolar'!$C$49 | L49: =SUM('Frequência 3º Bim'!AI49,'Frequência 4º Bim'!AI49) -> 0 | M49: =IFERROR((C47-L49)*1/C47, "")
A50: 45 | B50: ='Secret. Escolar'!$B$50 | C50: ='Secret. Escolar'!$C$50 | L50: =SUM('Frequência 3º Bim'!AI50,'Frequência 4º Bim'!AI50) -> 0 | M50: =IFERROR((C48-L50)*1/C48, "")
A51: 46 | B51: ='Secret. Escolar'!$B$51 | C51: ='Secret. Escolar'!$C$51 | L51: =SUM('Frequência 3º Bim'!AI51,'Frequência 4º Bim'!AI51) -> 0 | M51: =IFERROR((C49-L51)*1/C49, "")
A52: 47 | B52: ='Secret. Escolar'!$B$52 | C52: ='Secret. Escolar'!$C$52 | L52: =SUM('Frequência 3º Bim'!AI52,'Frequência 4º Bim'!AI52) -> 0 | M52: =IFERROR((C50-L52)*1/C50, "")
A53: 48 | B53: ='Secret. Escolar'!$B$53 | C53: ='Secret. Escolar'!$C$53 | L53: =SUM('Frequência 3º Bim'!AI53,'Frequência 4º Bim'!AI53) -> 0 | M53: =IFERROR((C51-L53)*1/C51, "")
A54: 49 | B54: ='Secret. Escolar'!$B$54 | C54: ='Secret. Escolar'!$C$54 | L54: =SUM('Frequência 3º Bim'!AI54,'Frequência 4º Bim'!AI54) -> 0 | M54: =IFERROR((C52-L54)*1/C52, "")
A55: 50 | B55: ='Secret. Escolar'!$B$55 | C55: ='Secret. Escolar'!$C$55 | L55: =SUM('Frequência 3º Bim'!AI55,'Frequência 4º Bim'!AI55) -> 0 | M55: =IFERROR((C53-L55)*1/C53, "")
A56: Conc. avaliativos | B56: LEGENDA DE CONCEITOS AVALIATIVOS | C56: 1. REGULAR | D56: 2. BOM | E56: 3. MUITO BOM | F56: 4. ÓTIMO | G56: Quadro de encerramento bimestral
G57: Encerramento ____________
G59: ="Professor(a): "&Capa!G35 -> Professor(a): ITAMAR VIEIRA NUNES
G61: Ass. e Carimbo da Autoridade Escolar
G62: Data:___________________

Sheet Resultado Final
C1: ESTADO DE RORAIMA
C2: PREFEITURA MUNICIPAL DE RORAINÓPOLIS
C3: SECRETARIA MUNICIPAL DE EDUCAÇÃO
B4: DEPARTAMENTO DE ENSINO E ASSUNTOS PEDAGÓGICOS-DEAPS
C5: COORDENAÇÃO PEDAGÓGICA
A6: ="Componente Curricular: "&Capa!J38&"" -> Componente Curricular: Educaçao Física | C6: ="Ano: "&Capa!F30&" Turma: "&Capa!N30&" Turno: "&Capa!F32&" Ano Letivo: "&Capa!O32&" Professor(a): "&Capa!G35 -> Ano: 2° Turma: D Turno: Vespertino Ano Letivo: 2026 Professor(a): ITAMAR VIEIRA NUNES
A8: Nº do Aluno | B8: Nome dos alunos | C8: Movimentções | D8: RESULTADO FINAL | K8: RESULTADO FINAL
D9: Total de Falta Bimestral | H9: Total Faltas Anual | I9: Total de Aulas Dadas | J9: =SUM('Reg. Aulas 1º Bim'!C37,'Reg. Aulas 2º Bim'!C37,'Reg. Aulas 3º Bim'!C37,'Reg. Aulas 4º Bim'!C37) -> 20
D10: Total Faltas 1º B | E10: Total Faltas 2º B | F10: Total Faltas 3º B | G10: Total Faltas 4º B | I10: Percentual de frequencia %
A11: 1 | B11: ='Secret. Escolar'!$B$6 -> Adriana Sofia Gonzalez Torres | C11: ='Secret. Escolar'!$C$6 | D11: ='Frequência 1º Bim'!AI6 -> 0 | E11: ='Frequência 2º Bim'!AI6 -> 0 | F11: ='Frequência 3º Bim'!AI6 -> 0 | G11: ='Frequência 4º Bim'!AI6 -> 0 | H11: =D11+E11+F11+G11 -> 0 | I11: =IFERROR(($J$9-H11)*1/$J$9,"") -> 1
A12: 2 | B12: ='Secret. Escolar'!$B$7 -> Alyson Lucas de Sousa Alencar | C12: ='Secret. Escolar'!$C$7 | D12: ='Frequência 1º Bim'!AI7 -> 0 | E12: ='Frequência 2º Bim'!AI7 -> 0 | F12: ='Frequência 3º Bim'!AI7 -> 0 | G12: ='Frequência 4º Bim'!AI7 -> 0 | H12: =D12+E12+F12+G12 -> 0 | I12: =IFERROR(($J$9-H12)*1/$J$9,"") -> 1
A13: 3 | B13: ='Secret. Escolar'!$B$8 -> Ana Clara Silva Zanolim | C13: ='Secret. Escolar'!$C$8 | D13: ='Frequência 1º Bim'!AI8 -> 0 | E13: ='Frequência 2º Bim'!AI8 -> 0 | F13: ='Frequência 3º Bim'!AI8 -> 0 | G13: ='Frequência 4º Bim'!AI8 -> 0 | H13: =D13+E13+F13+G13 -> 0 | I13: =IFERROR(($J$9-H13)*1/$J$9,"") -> 1
A14: 4 | B14: ='Secret. Escolar'!$B$9 -> Antônio Alves Pereira de Souza | C14: ='Secret. Escolar'!$C$9 | D14: ='Frequência 1º Bim'!AI9 -> 1 | E14: ='Frequência 2º Bim'!AI9 -> 0 | F14: ='Frequência 3º Bim'!AI9 -> 0 | G14: ='Frequência 4º Bim'!AI9 -> 0 | H14: =D14+E14+F14+G14 -> 1 | I14: =IFERROR(($J$9-H14)*1/$J$9,"") -> 0.95
A15: 5 | B15: ='Secret. Escolar'!$B$10 -> Cecília Resende dos Santos | C15: ='Secret. Escolar'!$C$10 | D15: ='Frequência 1º Bim'!AI10 -> 0 | E15: ='Frequência 2º Bim'!AI10 -> 0 | F15: ='Frequência 3º Bim'!AI10 -> 0 | G15: ='Frequência 4º Bim'!AI10 -> 0 | H15: =D15+E15+F15+G15 -> 0 | I15: =IFERROR(($J$9-H15)*1/$J$9,"") -> 1
A16: 6 | B16: ='Secret. Escolar'!$B$11 -> Emanuelly Vale da Silva | C16: ='Secret. Escolar'!$C$11 | D16: ='Frequência 1º Bim'!AI11 -> 0 | E16: ='Frequência 2º Bim'!AI11 -> 0 | F16: ='Frequência 3º Bim'!AI11 -> 0 | G16: ='Frequência 4º Bim'!AI11 -> 0 | H16: =D16+E16+F16+G16 -> 0 | I16: =IFERROR(($J$9-H16)*1/$J$9,"") -> 1
A17: 7 | B17: ='Secret. Escolar'!$B$12 -> Glloria Vitorya Moreira do Vale | C17: ='Secret. Escolar'!$C$12 | D17: ='Frequência 1º Bim'!AI12 -> 0 | E17: ='Frequência 2º Bim'!AI12 -> 0 | F17: ='Frequência 3º Bim'!AI12 -> 0 | G17: ='Frequência 4º Bim'!AI12 -> 0 | H17: =D17+E17+F17+G17 -> 0 | I17: =IFERROR(($J$9-H17)*1/$J$9,"") -> 1
A18: 8 | B18: ='Secret. Escolar'!$B$13 -> Izabelly Vitória Pereira Muniz | C18: ='Secret. Escolar'!$C$13 | D18: ='Frequência 1º Bim'!AI13 -> 1 | E18: ='Frequência 2º Bim'!AI13 -> 0 | F18: ='Frequência 3º Bim'!AI13 -> 0 | G18: ='Frequência 4º Bim'!AI13 -> 0 | H18: =D18+E18+F18+G18 -> 1 | I18: =IFERROR(($J$9-H18)*1/$J$9,"") -> 0.95
A19: 9 | B19: ='Secret. Escolar'!$B$14 -> Kaleu Carneiro Mesquita Tavares | C19: ='Secret. Escolar'!$C$14 | D19: ='Frequência 1º Bim'!AI14 -> 0 | E19: ='Frequência 2º Bim'!AI14 -> 0 | F19: ='Frequência 3º Bim'!AI14 -> 0 | G19: ='Frequência 4º Bim'!AI14 -> 0 | H19: =D19+E19+F19+G19 -> 0 | I19: =IFERROR(($J$9-H19)*1/$J$9,"") -> 1
A20: 10 | B20: ='Secret. Escolar'!$B$15 -> Lelimar Sofia Reyes Febres | C20: ='Secret. Escolar'!$C$15 | D20: ='Frequência 1º Bim'!AI15 -> 0 | E20: ='Frequência 2º Bim'!AI15 -> 0 | F20: ='Frequência 3º Bim'!AI15 -> 0 | G20: ='Frequência 4º Bim'!AI15 -> 0 | H20: =D20+E20+F20+G20 -> 0 | I20: =IFERROR(($J$9-H20)*1/$J$9,"") -> 1
A21: 11 | B21: ='Secret. Escolar'!$B$16 -> Luiz Gustavo Rodrigues Carneiro | C21: ='Secret. Escolar'!$C$16 | D21: ='Frequência 1º Bim'!AI16 -> 0 | E21: ='Frequência 2º Bim'!AI16 -> 0 | F21: ='Frequência 3º Bim'!AI16 -> 0 | G21: ='Frequência 4º Bim'!AI16 -> 0 | H21: =D21+E21+F21+G21 -> 0 | I21: =IFERROR(($J$9-H21)*1/$J$9,"") -> 1
A22: 12 | B22: ='Secret. Escolar'!$B$17 -> Luiz Otávio Santos de Sousa | C22: ='Secret. Escolar'!$C$17 | D22: ='Frequência 1º Bim'!AI17 -> 0 | E22: ='Frequência 2º Bim'!AI17 -> 0 | F22: ='Frequência 3º Bim'!AI17 -> 0 | G22: ='Frequência 4º Bim'!AI17 -> 0 | H22: =D22+E22+F22+G22 -> 0 | I22: =IFERROR(($J$9-H22)*1/$J$9,"") -> 1
A23: 13 | B23: ='Secret. Escolar'!$B$18 -> Maria Valentina de Souza | C23: ='Secret. Escolar'!$C$18 | D23: ='Frequência 1º Bim'!AI18 -> 0 | E23: ='Frequência 2º Bim'!AI18 -> 0 | F23: ='Frequência 3º Bim'!AI18 -> 0 | G23: ='Frequência 4º Bim'!AI18 -> 0 | H23: =D23+E23+F23+G23 -> 0 | I23: =IFERROR(($J$9-H23)*1/$J$9,"") -> 1
A24: 14 | B24: ='Secret. Escolar'!$B$19 -> Maysa Barros Caitano dos Santos | C24: ='Secret. Escolar'!$C$19 | D24: ='Frequência 1º Bim'!AI19 -> 0 | E24: ='Frequência 2º Bim'!AI19 -> 0 | F24: ='Frequência 3º Bim'!AI19 -> 0 | G24: ='Frequência 4º Bim'!AI19 -> 0 | H24: =D24+E24+F24+G24 -> 0 | I24: =IFERROR(($J$9-H24)*1/$J$9,"") -> 1
A25: 15 | B25: ='Secret. Escolar'!$B$20 -> Melissa Oliveira Magalhães | C25: ='Secret. Escolar'!$C$20 | D25: ='Frequência 1º Bim'!AI20 -> 0 | E25: ='Frequência 2º Bim'!AI20 -> 0 | F25: ='Frequência 3º Bim'!AI20 -> 0 | G25: ='Frequência 4º Bim'!AI20 -> 0 | H25: =D25+E25+F25+G25 -> 0 | I25: =IFERROR(($J$9-H25)*1/$J$9,"") -> 1
A26: 16 | B26: ='Secret. Escolar'!$B$21 -> Neilson de Oliveira Carneiro | C26: ='Secret. Escolar'!$C$21 | D26: ='Frequência 1º Bim'!AI21 -> 0 | E26: ='Frequência 2º Bim'!AI21 -> 0 | F26: ='Frequência 3º Bim'!AI21 -> 0 | G26: ='Frequência 4º Bim'!AI21 -> 0 | H26: =D26+E26+F26+G26 -> 0 | I26: =IFERROR(($J$9-H26)*1/$J$9,"") -> 1
A27: 17 | B27: ='Secret. Escolar'!$B$22 -> Sarah Gabrielle Coelho Lopes | C27: ='Secret. Escolar'!$C$22 | D27: ='Frequência 1º Bim'!AI22 -> 0 | E27: ='Frequência 2º Bim'!AI22 -> 0 | F27: ='Frequência 3º Bim'!AI22 -> 0 | G27: ='Frequência 4º Bim'!AI22 -> 0 | H27: =D27+E27+F27+G27 -> 0 | I27: =IFERROR(($J$9-H27)*1/$J$9,"") -> 1
A28: 18 | B28: ='Secret. Escolar'!$B$23 -> Sophia Pereira de Oliveira | C28: ='Secret. Escolar'!$C$23 | D28: ='Frequência 1º Bim'!AI23 -> 0 | E28: ='Frequência 2º Bim'!AI23 -> 0 | F28: ='Frequência 3º Bim'!AI23 -> 0 | G28: ='Frequência 4º Bim'!AI23 -> 0 | H28: =D28+E28+F28+G28 -> 0 | I28: =IFERROR(($J$9-H28)*1/$J$9,"") -> 1
A29: 19 | B29: ='Secret. Escolar'!$B$24 -> Wuilmer Adrian Ramos Salazar | C29: ='Secret. Escolar'!$C$24 | D29: ='Frequência 1º Bim'!AI24 -> 0 | E29: ='Frequência 2º Bim'!AI24 -> 0 | F29: ='Frequência 3º Bim'!AI24 -> 0 | G29: ='Frequência 4º Bim'!AI24 -> 0 | H29: =D29+E29+F29+G29 -> 0 | I29: =IFERROR(($J$9-H29)*1/$J$9,"") -> 1
A30: 20 | B30: ='Secret. Escolar'!$B$25 | C30: ='Secret. Escolar'!$C$25 | D30: ='Frequência 1º Bim'!AI25 -> 0 | E30: ='Frequência 2º Bim'!AI25 -> 0 | F30: ='Frequência 3º Bim'!AI25 -> 0 | G30: ='Frequência 4º Bim'!AI25 -> 0 | H30: =D30+E30+F30+G30 -> 0 | I30: =IFERROR(($J$9-H30)*1/$J$9,"") -> 1
A31: 21 | B31: ='Secret. Escolar'!$B$26 | C31: ='Secret. Escolar'!$C$26 | D31: ='Frequência 1º Bim'!AI26 -> 0 | E31: ='Frequência 2º Bim'!AI26 -> 0 | F31: ='Frequência 3º Bim'!AI26 -> 0 | G31: ='Frequência 4º Bim'!AI26 -> 0 | H31: =D31+E31+F31+G31 -> 0 | I31: =IFERROR(($J$9-H31)*1/$J$9,"") -> 1
A32: 22 | B32: ='Secret. Escolar'!$B$27 | C32: ='Secret. Escolar'!$C$27 | D32: ='Frequência 1º Bim'!AI27 -> 0 | E32: ='Frequência 2º Bim'!AI27 -> 0 | F32: ='Frequência 3º Bim'!AI27 -> 0 | G32: ='Frequência 4º Bim'!AI27 -> 0 | H32: =D32+E32+F32+G32 -> 0 | I32: =IFERROR(($J$9-H32)*1/$J$9,"") -> 1
A33: 23 | B33: ='Secret. Escolar'!$B$28 | C33: ='Secret. Escolar'!$C$28 | D33: ='Frequência 1º Bim'!AI28 -> 0 | E33: ='Frequência 2º Bim'!AI28 -> 0 | F33: ='Frequência 3º Bim'!AI28 -> 0 | G33: ='Frequência 4º Bim'!AI28 -> 0 | H33: =D33+E33+F33+G33 -> 0 | I33: =IFERROR(($J$9-H33)*1/$J$9,"") -> 1
A34: 24 | B34: ='Secret. Escolar'!$B$29 | C34: ='Secret. Escolar'!$C$29 | D34: ='Frequência 1º Bim'!AI29 -> 0 | E34: ='Frequência 2º Bim'!AI29 -> 0 | F34: ='Frequência 3º Bim'!AI29 -> 0 | G34: ='Frequência 4º Bim'!AI29 -> 0 | H34: =D34+E34+F34+G34 -> 0 | I34: =IFERROR(($J$9-H34)*1/$J$9,"") -> 1
A35: 25 | B35: ='Secret. Escolar'!$B$30 | C35: ='Secret. Escolar'!$C$30 | D35: ='Frequência 1º Bim'!AI30 -> 0 | E35: ='Frequência 2º Bim'!AI30 -> 0 | F35: ='Frequência 3º Bim'!AI30 -> 0 | G35: ='Frequência 4º Bim'!AI30 -> 0 | H35: =D35+E35+F35+G35 -> 0 | I35: =IFERROR(($J$9-H35)*1/$J$9,"") -> 1
A36: 26 | B36: ='Secret. Escolar'!$B$31 | C36: ='Secret. Escolar'!$C$31 | D36: ='Frequência 1º Bim'!AI31 -> 0 | E36: ='Frequência 2º Bim'!AI31 -> 0 | F36: ='Frequência 3º Bim'!AI31 -> 0 | G36: ='Frequência 4º Bim'!AI31 -> 0 | H36: =D36+E36+F36+G36 -> 0 | I36: =IFERROR(($J$9-H36)*1/$J$9,"") -> 1
A37: 27 | B37: ='Secret. Escolar'!$B$32 | C37: ='Secret. Escolar'!$C$32 | D37: ='Frequência 1º Bim'!AI32 -> 0 | E37: ='Frequência 2º Bim'!AI32 -> 0 | F37: ='Frequência 3º Bim'!AI32 -> 0 | G37: ='Frequência 4º Bim'!AI32 -> 0 | H37: =D37+E37+F37+G37 -> 0 | I37: =IFERROR(($J$9-H37)*1/$J$9,"") -> 1
A38: 28 | B38: ='Secret. Escolar'!$B$33 | C38: ='Secret. Escolar'!$C$33 | D38: ='Frequência 1º Bim'!AI33 -> 0 | E38: ='Frequência 2º Bim'!AI33 -> 0 | F38: ='Frequência 3º Bim'!AI33 -> 0 | G38: ='Frequência 4º Bim'!AI33 -> 0 | H38: =D38+E38+F38+G38 -> 0 | I38: =IFERROR(($J$9-H38)*1/$J$9,"") -> 1
A39: 29 | B39: ='Secret. Escolar'!$B$34 | C39: ='Secret. Escolar'!$C$34 | D39: ='Frequência 1º Bim'!AI34 -> 0 | E39: ='Frequência 2º Bim'!AI34 -> 0 | F39: ='Frequência 3º Bim'!AI34 -> 0 | G39: ='Frequência 4º Bim'!AI34 -> 0 | H39: =D39+E39+F39+G39 -> 0 | I39: =IFERROR(($J$9-H39)*1/$J$9,"") -> 1
A40: 30 | B40: ='Secret. Escolar'!$B$35 | C40: ='Secret. Escolar'!$C$35 | D40: ='Frequência 1º Bim'!AI35 -> 0 | E40: ='Frequência 2º Bim'!AI35 -> 0 | F40: ='Frequência 3º Bim'!AI35 -> 0 | G40: ='Frequência 4º Bim'!AI35 -> 0 | H40: =D40+E40+F40+G40 -> 0 | I40: =IFERROR(($J$9-H40)*1/$J$9,"") -> 1
A41: 31 | B41: ='Secret. Escolar'!$B$36 | C41: ='Secret. Escolar'!$C$36 | D41: ='Frequência 1º Bim'!AI36 -> 0 | E41: ='Frequência 2º Bim'!AI36 -> 0 | F41: ='Frequência 3º Bim'!AI36 -> 0 | G41: ='Frequência 4º Bim'!AI36 -> 0 | H41: =D41+E41+F41+G41 -> 0 | I41: =IFERROR(($J$9-H41)*1/$J$9,"") -> 1
A42: 32 | B42: ='Secret. Escolar'!$B$37 | C42: ='Secret. Escolar'!$C$37 | D42: ='Frequência 1º Bim'!AI37 -> 0 | E42: ='Frequência 2º Bim'!AI37 -> 0 | F42: ='Frequência 3º Bim'!AI37 -> 0 | G42: ='Frequência 4º Bim'!AI37 -> 0 | H42: =D42+E42+F42+G42 -> 0 | I42: =IFERROR(($J$9-H42)*1/$J$9,"") -> 1
A43: 33 | B43: ='Secret. Escolar'!$B$38 | C43: ='Secret. Escolar'!$C$38 | D43: ='Frequência 1º Bim'!AI38 -> 0 | E43: ='Frequência 2º Bim'!AI38 -> 0 | F43: ='Frequência 3º Bim'!AI38 -> 0 | G43: ='Frequência 4º Bim'!AI38 -> 0 | H43: =D43+E43+F43+G43 -> 0 | I43: =IFERROR(($J$9-H43)*1/$J$9,"") -> 1
A44: 34 | B44: ='Secret. Escolar'!$B$39 | C44: ='Secret. Escolar'!$C$39 | D44: ='Frequência 1º Bim'!AI39 -> 0 | E44: ='Frequência 2º Bim'!AI39 -> 0 | F44: ='Frequência 3º Bim'!AI39 -> 0 | G44: ='Frequência 4º Bim'!AI39 -> 0 | H44: =D44+E44+F44+G44 -> 0 | I44: =IFERROR(($J$9-H44)*1/$J$9,"") -> 1
A45: 35 | B45: ='Secret. Escolar'!$B$40 | C45: ='Secret. Escolar'!$C$40 | D45: ='Frequência 1º Bim'!AI40 -> 0 | E45: ='Frequência 2º Bim'!AI40 -> 0 | F45: ='Frequência 3º Bim'!AI40 -> 0 | G45: ='Frequência 4º Bim'!AI40 -> 0 | H45: =D45+E45+F45+G45 -> 0 | I45: =IFERROR(($J$9-H45)*1/$J$9,"") -> 1
A46: 36 | B46: ='Secret. Escolar'!$B$41 | C46: ='Secret. Escolar'!$C$41 | D46: ='Frequência 1º Bim'!AI41 -> 0 | E46: ='Frequência 2º Bim'!AI41 -> 0 | F46: ='Frequência 3º Bim'!AI41 -> 0 | G46: ='Frequência 4º Bim'!AI41 -> 0 | H46: =D46+E46+F46+G46 -> 0 | I46: =IFERROR(($J$9-H46)*1/$J$9,"") -> 1
A47: 37 | B47: ='Secret. Escolar'!$B$42 | C47: ='Secret. Escolar'!$C$42 | D47: ='Frequência 1º Bim'!AI42 -> 0 | E47: ='Frequência 2º Bim'!AI42 -> 0 | F47: ='Frequência 3º Bim'!AI42 -> 0 | G47: ='Frequência 4º Bim'!AI42 -> 0 | H47: =D47+E47+F47+G47 -> 0 | I47: =IFERROR(($J$9-H47)*1/$J$9,"") -> 1
A48: 38 | B48: ='Secret. Escolar'!$B$43 | C48: ='Secret. Escolar'!$C$43 | D48: ='Frequência 1º Bim'!AI43 -> 0 | E48: ='Frequência 2º Bim'!AI43 -> 0 | F48: ='Frequência 3º Bim'!AI43 -> 0 | G48: ='Frequência 4º Bim'!AI43 -> 0 | H48: =D48+E48+F48+G48 -> 0 | I48: =IFERROR(($J$9-H48)*1/$J$9,"") -> 1
A49: 39 | B49: ='Secret. Escolar'!$B$44 | C49: ='Secret. Escolar'!$C$44 | D49: ='Frequência 1º Bim'!AI44 -> 0 | E49: ='Frequência 2º Bim'!AI44 -> 0 | F49: ='Frequência 3º Bim'!AI44 -> 0 | G49: ='Frequência 4º Bim'!AI44 -> 0 | H49: =D49+E49+F49+G49 -> 0 | I49: =IFERROR(($J$9-H49)*1/$J$9,"") -> 1
A50: 40 | B50: ='Secret. Escolar'!$B$45 | C50: ='Secret. Escolar'!$C$45 | D50: ='Frequência 1º Bim'!AI45 -> 0 | E50: ='Frequência 2º Bim'!AI45 -> 0 | F50: ='Frequência 3º Bim'!AI45 -> 0 | G50: ='Frequência 4º Bim'!AI45 -> 0 | H50: =D50+E50+F50+G50 -> 0 | I50: =IFERROR(($J$9-H50)*1/$J$9,"") -> 1
A51: 41 | B51: ='Secret. Escolar'!$B$46 | C51: ='Secret. Escolar'!$C$46 | D51: ='Frequência 1º Bim'!AI46 -> 0 | E51: ='Frequência 2º Bim'!AI46 -> 0 | F51: ='Frequência 3º Bim'!AI46 -> 0 | G51: ='Frequência 4º Bim'!AI46 -> 0 | H51: =D51+E51+F51+G51 -> 0 | I51: =IFERROR(($J$9-H51)*1/$J$9,"") -> 1
A52: 42 | B52: ='Secret. Escolar'!$B$47 | C52: ='Secret. Escolar'!$C$47 | D52: ='Frequência 1º Bim'!AI47 -> 0 | E52: ='Frequência 2º Bim'!AI47 -> 0 | F52: ='Frequência 3º Bim'!AI47 -> 0 | G52: ='Frequência 4º Bim'!AI47 -> 0 | H52: =D52+E52+F52+G52 -> 0 | I52: =IFERROR(($J$9-H52)*1/$J$9,"") -> 1
A53: 43 | B53: ='Secret. Escolar'!$B$48 | C53: ='Secret. Escolar'!$C$48 | D53: ='Frequência 1º Bim'!AI48 -> 0 | E53: ='Frequência 2º Bim'!AI48 -> 0 | F53: ='Frequência 3º Bim'!AI48 -> 0 | G53: ='Frequência 4º Bim'!AI48 -> 0 | H53: =D53+E53+F53+G53 -> 0 | I53: =IFERROR(($J$9-H53)*1/$J$9,"") -> 1
A54: 44 | B54: ='Secret. Escolar'!$B$49 | C54: ='Secret. Escolar'!$C$49 | D54: ='Frequência 1º Bim'!AI49 -> 0 | E54: ='Frequência 2º Bim'!AI49 -> 0 | F54: ='Frequência 3º Bim'!AI49 -> 0 | G54: ='Frequência 4º Bim'!AI49 -> 0 | H54: =D54+E54+F54+G54 -> 0 | I54: =IFERROR(($J$9-H54)*1/$J$9,"") -> 1
A55: 45 | B55: ='Secret. Escolar'!$B$50 | C55: ='Secret. Escolar'!$C$50 | D55: ='Frequência 1º Bim'!AI50 -> 0 | E55: ='Frequência 2º Bim'!AI50 -> 0 | F55: ='Frequência 3º Bim'!AI50 -> 0 | G55: ='Frequência 4º Bim'!AI50 -> 0 | H55: =D55+E55+F55+G55 -> 0 | I55: =IFERROR(($J$9-H55)*1/$J$9,"") -> 1
A56: 46 | B56: ='Secret. Escolar'!$B$51 | C56: ='Secret. Escolar'!$C$51 | D56: ='Frequência 1º Bim'!AI51 -> 0 | E56: ='Frequência 2º Bim'!AI51 -> 0 | F56: ='Frequência 3º Bim'!AI51 -> 0 | G56: ='Frequência 4º Bim'!AI51 -> 0 | H56: =D56+E56+F56+G56 -> 0 | I56: =IFERROR(($J$9-H56)*1/$J$9,"") -> 1
A57: 47 | B57: ='Secret. Escolar'!$B$52 | C57: ='Secret. Escolar'!$C$52 | D57: ='Frequência 1º Bim'!AI52 -> 0 | E57: ='Frequência 2º Bim'!AI52 -> 0 | F57: ='Frequência 3º Bim'!AI52 -> 0 | G57: ='Frequência 4º Bim'!AI52 -> 0 | H57: =D57+E57+F57+G57 -> 0 | I57: =IFERROR(($J$9-H57)*1/$J$9,"") -> 1
A58: 48 | B58: ='Secret. Escolar'!$B$53 | C58: ='Secret. Escolar'!$C$53 | D58: ='Frequência 1º Bim'!AI53 -> 0 | E58: ='Frequência 2º Bim'!AI53 -> 0 | F58: ='Frequência 3º Bim'!AI53 -> 0 | G58: ='Frequência 4º Bim'!AI53 -> 0 | H58: =D58+E58+F58+G58 -> 0 | I58: =IFERROR(($J$9-H58)*1/$J$9,"") -> 1
A59: 49 | B59: ='Secret. Escolar'!$B$54 | C59: ='Secret. Escolar'!$C$54 | D59: ='Frequência 1º Bim'!AI54 -> 0 | E59: ='Frequência 2º Bim'!AI54 -> 0 | F59: ='Frequência 3º Bim'!AI54 -> 0 | G59: ='Frequência 4º Bim'!AI54 -> 0 | H59: =D59+E59+F59+G59 -> 0 | I59: =IFERROR(($J$9-H59)*1/$J$9,"") -> 1
A60: 50 | B60: ='Secret. Escolar'!$B$55 | C60: ='Secret. Escolar'!$C$55 | D60: ='Frequência 1º Bim'!AI55 -> 0 | E60: ='Frequência 2º Bim'!AI55 -> 0 | F60: ='Frequência 3º Bim'!AI55 -> 0 | G60: ='Frequência 4º Bim'!AI55 -> 0 | H60: =D60+E60+F60+G60 -> 0 | I60: =IFERROR(($J$9-H60)*1/$J$9,"") -> 1
B63: Data da Entrega ___/____/______ | C63: ="Professor(a): "&Capa!I35 -> Professor(a): | H63: Visto do Supervisor(a):

Sheet Referência
A1: Chave (A) | B1: Abaixo do peso (B) | C1: Normal (C) | D1: Sobrepeso (D) | E1: Obesidade (E)
A2: 6M | B2: 13 | C2: 14.5 | D2: 16.6 | E2: 18
A3: 6F | B3: 12.7 | C3: 14.3 | D3: 16.1 | E3: 17.4
A4: 7M | B4: 13.1 | C4: 15 | D4: 17.3 | E4: 19.1
A5: 7F | B5: 12.8 | C5: 14.9 | D5: 17.1 | E5: 18.9
A6: 8M | B6: 13.3 | C6: 15.6 | D6: 16.7 | E6: 20.3
A7: 8F | B7: 13.1 | C7: 15.6 | D7: 18.1 | E7: 20.3
A8: 9M | B8: 13.5 | C8: 16.1 | D8: 18.8 | E8: 21.4
A9: 9F | B9: 13.4 | C9: 16.3 | D9: 19.1 | E9: 21.7
A10: 10M | B10: 13.7 | C10: 16.7 | D10: 19.6 | E10: 22.5
A11: 10F | B11: 13.7 | C11: 17 | D11: 20.1 | E11: 23.2
A12: 11M | B12: 14.1 | C12: 17.2 | D12: 20.3 | E12: 23.7
A13: 11F | B13: 14.1 | C13: 17.6 | D13: 21.1 | E13: 24.5
... A21: 15F | B21: 16.3 | C21: 19.6 | D21: 24.2 | E21: 28.8

Sheet Legenda
A1: Legendas:
A2: NA LISTA NOMINAL
A3: Nº=Número do(a) Aluno (a)
A4: NO CAMPO DE FREQUÊNCIA:
A5: TFB=Total de Faltas bimestral;
A6: NO CAMPO DE AVALIAÇÃO:
A7: NO QUADRO OFICIAL DE RESULTADO:
A8: MB=Media Bimestral;
A9: TFB=Total de Faltas bimestral;
A10: TFA=Total de Faltas Anual;
A11: RF=Resultado Final;
A12: AD=Aulas Dadas;
... A17: NO QUADRO DE AVALIAÇÃO CONTÍNUA
C18: CONCEITOS AVALIATIVOS
A19: PA= Participação
A20: AS= Assiduidade
A21: PO= Pontualidade | C21: B | D21: R | E21: O
A22: EX=Expressividade | C22: Bom | D22: Regular | E22: Ótimo
A23: EQ=Equilibrio
A24: COOR=Coordenação
A25: AP= Aula Prática
A26: AT=Aula Teóeica

Sheet Sobrecapa
F10: Hino de Rorainópolis – RR
F12: As margens do azul Anauá
F13: Na linha que Ostenta o Equador
F14: Nos rincões do sul de Roraima
F15: Rorainópolis surgiu com fervor
F16: De um povo forte e retumbante
F17: Migrante, que veio integrar
F18: Terra que emana fartura infinita
F19: O teu futuro é glorioso e sem par.
F21: Salve! Salve! Rorainópolis
F22: Faça tremer o nosso pendão
F23: Faça erguer o teu estandarte
... F33: Da tantalita que é sem igual.
